province,ssp,horizon,mech,ml,ssp_lab
Anhui,ssp245,2030,1.05863791203794,0.674830848107904,SSP2-4.5
Anhui,ssp245,2050,1.48939074754454,1.52079751559267,SSP2-4.5
Anhui,ssp245,2080,2.53533215573083,1.08054279056326,SSP2-4.5
Anhui,ssp585,2030,1.18706268602867,0.583759290564348,SSP5-8.5
Anhui,ssp585,2050,2.48810771168883,0.92318291666824,SSP5-8.5
Anhui,ssp585,2080,16.6778167655535,0.933924988414192,SSP5-8.5
Beijing,ssp245,2030,1.12128969720929,1.01554097036569,SSP2-4.5
Beijing,ssp245,2050,1.70668901307471,1.02674620087782,SSP2-4.5
Beijing,ssp245,2080,3.28607150437574,1.01132934963971,SSP2-4.5
Beijing,ssp585,2030,1.25831298933747,0.95135166979162,SSP5-8.5
Beijing,ssp585,2050,2.81423587800132,1.02118207745662,SSP5-8.5
Beijing,ssp585,2080,16.8729696778412,1.03362477777409,SSP5-8.5
Chongqing,ssp245,2030,0.573552846415052,0.309471505307876,SSP2-4.5
Chongqing,ssp245,2050,0.860193189698661,1.54879332010357,SSP2-4.5
Chongqing,ssp245,2080,1.58204789503407,1.00479343102937,SSP2-4.5
Chongqing,ssp585,2030,0.665764392847182,0.462878805843207,SSP5-8.5
Chongqing,ssp585,2050,1.5130087622286,0.967654123166073,SSP5-8.5
Chongqing,ssp585,2080,9.80715751068367,0.96721306409391,SSP5-8.5
Fujian,ssp245,2030,0.480831670095622,0.784724524039459,SSP2-4.5
Fujian,ssp245,2050,0.800588363968215,1.02640277291727,SSP2-4.5
Fujian,ssp245,2080,2.19347995265757,1.04648621336525,SSP2-4.5
Fujian,ssp585,2030,0.548137396069024,1.71216846214828,SSP5-8.5
Fujian,ssp585,2050,1.75006889712812,1.00342098826748,SSP5-8.5
Fujian,ssp585,2080,23.1007804313332,1.0129358754809,SSP5-8.5
Gansu,ssp245,2030,1.36129552005619,0.409008330486701,SSP2-4.5
Gansu,ssp245,2050,1.76748470544285,1.02118688862162,SSP2-4.5
Gansu,ssp245,2080,2.4006819690752,1.20273420924477,SSP2-4.5
Gansu,ssp585,2030,1.50651947843083,0.44734793959297,SSP5-8.5
Gansu,ssp585,2050,2.37776463703075,1.19340601372763,SSP5-8.5
Gansu,ssp585,2080,6.81384014098361,1.24822170106241,SSP5-8.5
Guangdong,ssp245,2030,0.202510183020125,0.874041217669646,SSP2-4.5
Guangdong,ssp245,2050,0.320937478344218,0.208562293088598,SSP2-4.5
Guangdong,ssp245,2080,0.80222015362097,1.76455449594447,SSP2-4.5
Guangdong,ssp585,2030,0.239661010084704,1.55273467964517,SSP5-8.5
Guangdong,ssp585,2050,0.695317305574973,1.87047950665824,SSP5-8.5
Guangdong,ssp585,2080,9.34446867202385,1.05565578080076,SSP5-8.5
Guangxi,ssp245,2030,1.05425332647113,0.33666877560885,SSP2-4.5
Guangxi,ssp245,2050,1.81863808949823,1.8793753000714,SSP2-4.5
Guangxi,ssp245,2080,4.88403447730656,1.07044620467784,SSP2-4.5
Guangxi,ssp585,2030,1.23685228366321,0.670599834542842,SSP5-8.5
Guangxi,ssp585,2050,4.08537656334866,1.09121932499578,SSP5-8.5
Guangxi,ssp585,2080,34.3135318690856,1.10935662580173,SSP5-8.5
Guizhou,ssp245,2030,0.929987624232363,0.273991863113584,SSP2-4.5
Guizhou,ssp245,2050,1.52552660503255,0.50872883133609,SSP2-4.5
Guizhou,ssp245,2080,3.5294853013555,0.988772581409563,SSP2-4.5
Guizhou,ssp585,2030,1.1129678160165,0.249815592298131,SSP5-8.5
Guizhou,ssp585,2050,3.16524511369183,1.00988217710749,SSP5-8.5
Guizhou,ssp585,2080,25.7764760646865,1.04785712444436,SSP5-8.5
Hainan,ssp245,2030,1.24697523148918,0.194930210553967,SSP2-4.5
Hainan,ssp245,2050,2.32039751756209,1.75163689539722,SSP2-4.5
Hainan,ssp245,2080,7.93016277128842,1.03973646522592,SSP2-4.5
Hainan,ssp585,2030,1.47911754260878,0.292040965557882,SSP5-8.5
Hainan,ssp585,2050,6.31574575846969,1.08360694496579,SSP5-8.5
Hainan,ssp585,2080,56.5630450937302,1.02363985814477,SSP5-8.5
Hebei,ssp245,2030,0.40155848129986,0.300343506006637,SSP2-4.5
Hebei,ssp245,2050,0.57704203743238,1.5174390602896,SSP2-4.5
Hebei,ssp245,2080,1.03711433624489,0.97102528445044,SSP2-4.5
Hebei,ssp585,2030,0.449737958351536,0.396804445533073,SSP5-8.5
Hebei,ssp585,2050,0.936200538345159,0.960830206630282,SSP5-8.5
Hebei,ssp585,2080,5.14042513610715,0.9209960598986,SSP5-8.5
Heilongjiang,ssp245,2030,1.37157195801957,0.825857049799091,SSP2-4.5
Heilongjiang,ssp245,2050,1.77136600283707,0.480562030286312,SSP2-4.5
Heilongjiang,ssp245,2080,2.51216412430101,1.08355377871153,SSP2-4.5
Heilongjiang,ssp585,2030,1.4668992380395,0.451286889776468,SSP5-8.5
Heilongjiang,ssp585,2050,2.38088133985361,1.09411934742617,SSP5-8.5
Heilongjiang,ssp585,2080,5.25286847406869,1.05384299775239,SSP5-8.5
Henan,ssp245,2030,1.13647654797464,0.753861515775108,SSP2-4.5
Henan,ssp245,2050,1.52931395688042,1.68829798600694,SSP2-4.5
Henan,ssp245,2080,2.30277333686067,1.13394604646122,SSP2-4.5
Henan,ssp585,2030,1.24357796178311,0.946823952847962,SSP5-8.5
Henan,ssp585,2050,2.50031729454396,1.11788661753828,SSP5-8.5
Henan,ssp585,2080,15.1677839562154,1.0298926802927,SSP5-8.5
Hubei,ssp245,2030,0.987769829458735,1.6903114252949,SSP2-4.5
Hubei,ssp245,2050,1.43318169759432,0.982606624394306,SSP2-4.5
Hubei,ssp245,2080,2.49368698247238,1.06466904270802,SSP2-4.5
Hubei,ssp585,2030,1.08909731135311,1.59923938390486,SSP5-8.5
Hubei,ssp585,2050,2.61599288602656,1.00091552010499,SSP5-8.5
Hubei,ssp585,2080,18.9225369912456,0.983401811479957,SSP5-8.5
Hunan,ssp245,2030,2.24315300537152,0.769555959804897,SSP2-4.5
Hunan,ssp245,2050,3.46878605993779,0.942404407496546,SSP2-4.5
Hunan,ssp245,2080,7.29529364719939,0.999639225032582,SSP2-4.5
Hunan,ssp585,2030,2.52797796797238,1.70792775292534,SSP5-8.5
Hunan,ssp585,2050,6.46436712254083,0.997434603141657,SSP5-8.5
Hunan,ssp585,2080,35.9507320011609,1.0345567856897,SSP5-8.5
Inner Mongolia,ssp245,2030,1.55860141591935,0.447952528603566,SSP2-4.5
Inner Mongolia,ssp245,2050,1.86717261729948,1.48646398137013,SSP2-4.5
Inner Mongolia,ssp245,2080,2.48547332477639,0.963889863043546,SSP2-4.5
Inner Mongolia,ssp585,2030,1.65817987485671,0.909039313272119,SSP5-8.5
Inner Mongolia,ssp585,2050,2.3092112436371,0.970244794510878,SSP5-8.5
Inner Mongolia,ssp585,2080,4.90595708468581,1.06699297837435,SSP5-8.5
Jiangsu,ssp245,2030,1.23926758720393,1.62157043183044,SSP2-4.5
Jiangsu,ssp245,2050,2.00862700519913,0.987276225722335,SSP2-4.5
Jiangsu,ssp245,2080,4.19558730356196,0.999641631183327,SSP2-4.5
Jiangsu,ssp585,2030,1.38008843015864,1.07078862251427,SSP5-8.5
Jiangsu,ssp585,2050,4.08797796048324,0.915282407275183,SSP5-8.5
Jiangsu,ssp585,2080,34.3169434168225,0.980732991592959,SSP5-8.5
Jiangxi,ssp245,2030,0.996588206703829,0.443813636785329,SSP2-4.5
Jiangxi,ssp245,2050,1.46711447497133,1.62077702679965,SSP2-4.5
Jiangxi,ssp245,2080,3.00232872030145,0.984363163354822,SSP2-4.5
Jiangxi,ssp585,2030,1.11841250000131,0.874310926814732,SSP5-8.5
Jiangxi,ssp585,2050,2.60133091159097,0.98137565004808,SSP5-8.5
Jiangxi,ssp585,2080,19.6609135245882,0.98350416762593,SSP5-8.5
Jilin,ssp245,2030,0.973699352735215,0.419093815814805,SSP2-4.5
Jilin,ssp245,2050,1.23227240648211,0.466539794338725,SSP2-4.5
Jilin,ssp245,2080,1.79196047133246,0.835944593057755,SSP2-4.5
Jilin,ssp585,2030,1.04760237294305,0.395450255398274,SSP5-8.5
Jilin,ssp585,2050,1.66597387684053,0.860049521788429,SSP5-8.5
Jilin,ssp585,2080,3.86416316961817,0.892352974092912,SSP5-8.5
Liaoning,ssp245,2030,0.828561395430578,0.333607434208317,SSP2-4.5
Liaoning,ssp245,2050,1.10706036651627,1.07244936281635,SSP2-4.5
Liaoning,ssp245,2080,1.82093806704452,0.726964530839356,SSP2-4.5
Liaoning,ssp585,2030,0.905659664375079,0.421376461459307,SSP5-8.5
Liaoning,ssp585,2050,1.63063838066413,0.741338160597687,SSP5-8.5
Liaoning,ssp585,2080,6.03344916482775,0.731644734919986,SSP5-8.5
Ningxia,ssp245,2030,1.10368123597896,0.999766863771418,SSP2-4.5
Ningxia,ssp245,2050,1.36593907060833,0.520101668106773,SSP2-4.5
Ningxia,ssp245,2080,1.61611517655748,1.67084463054462,SSP2-4.5
Ningxia,ssp585,2030,1.19636661514273,0.768912520090287,SSP5-8.5
Ningxia,ssp585,2050,1.58325810394221,1.89474491635337,SSP5-8.5
Ningxia,ssp585,2080,3.54271195625875,1.14581113170557,SSP5-8.5
Qinghai,ssp245,2030,0.90657313612473,0.338917878656907,SSP2-4.5
Qinghai,ssp245,2050,1.34948413369465,1.08565449395596,SSP2-4.5
Qinghai,ssp245,2080,2.56986299494244,1.61561312927882,SSP2-4.5
Qinghai,ssp585,2030,1.0119433734601,0.35963629157373,SSP5-8.5
Qinghai,ssp585,2050,2.35672082201498,1.56707620685834,SSP5-8.5
Qinghai,ssp585,2080,13.8033267074824,1.6386082519872,SSP5-8.5
Shaanxi,ssp245,2030,1.32561129537514,0.414701732838447,SSP2-4.5
Shaanxi,ssp245,2050,1.71856264394589,1.95158387086708,SSP2-4.5
Shaanxi,ssp245,2080,2.62688106940663,1.16359435785345,SSP2-4.5
Shaanxi,ssp585,2030,1.44036261455396,0.575339670298448,SSP5-8.5
Shaanxi,ssp585,2050,2.57755378994969,1.16039035578309,SSP5-8.5
Shaanxi,ssp585,2080,11.3110030490019,1.0501676526953,SSP5-8.5
Shandong,ssp245,2030,0.906117556330165,0.444363456325031,SSP2-4.5
Shandong,ssp245,2050,1.36027573696845,1.15139216935906,SSP2-4.5
Shandong,ssp245,2080,2.69308968273754,0.701759247841542,SSP2-4.5
Shandong,ssp585,2030,1.02047064631431,0.614601776452188,SSP5-8.5
Shandong,ssp585,2050,2.47369605447493,0.697285800801805,SSP5-8.5
Shandong,ssp585,2080,18.9534747115544,0.686197400008256,SSP5-8.5
Shanghai,ssp245,2030,0.811674222146592,0.766689788170092,SSP2-4.5
Shanghai,ssp245,2050,1.32303966115013,0.953395855341591,SSP2-4.5
Shanghai,ssp245,2080,3.03061856280711,1.0009711525286,SSP2-4.5
Shanghai,ssp585,2030,0.92159333577269,1.72591054448733,SSP5-8.5
Shanghai,ssp585,2050,2.75104283164916,1.02052239773194,SSP5-8.5
Shanghai,ssp585,2080,33.3146613521667,1.02218340298228,SSP5-8.5
Shanxi,ssp245,2030,0.495904750741079,0.383165401215687,SSP2-4.5
Shanxi,ssp245,2050,0.649991542990498,1.65624806461017,SSP2-4.5
Shanxi,ssp245,2080,1.0304077399876,1.0321807689519,SSP2-4.5
Shanxi,ssp585,2030,0.537967596944202,0.777784341745414,SSP5-8.5
Shanxi,ssp585,2050,0.985849930975015,1.04263082347475,SSP5-8.5
Shanxi,ssp585,2080,4.85855534594447,0.988808385277458,SSP5-8.5
Sichuan,ssp245,2030,0.669513007640597,2.19284666313127,SSP2-4.5
Sichuan,ssp245,2050,1.04570255192492,1.22230209207285,SSP2-4.5
Sichuan,ssp245,2080,2.31455178586183,1.28188072081559,SSP2-4.5
Sichuan,ssp585,2030,0.759251105587482,2.17204077649558,SSP5-8.5
Sichuan,ssp585,2050,2.14303037429202,1.28286650826203,SSP5-8.5
Sichuan,ssp585,2080,18.0862406060164,1.24174606399523,SSP5-8.5
Tianjin,ssp245,2030,0.908099312887915,0.417003794724794,SSP2-4.5
Tianjin,ssp245,2050,1.30289432404208,1.50998412258096,SSP2-4.5
Tianjin,ssp245,2080,2.3856869844268,0.947123464195543,SSP2-4.5
Tianjin,ssp585,2030,1.01487570137162,0.724195728709469,SSP5-8.5
Tianjin,ssp585,2050,2.14737546316102,1.01730047467512,SSP5-8.5
Tianjin,ssp585,2080,11.8177019873013,0.896621134528923,SSP5-8.5
Tibet,ssp245,2030,1.71461850968241,0.381146060203719,SSP2-4.5
Tibet,ssp245,2050,2.39782214100751,1.17412554845941,SSP2-4.5
Tibet,ssp245,2080,4.13203481064553,1.74493060321765,SSP2-4.5
Tibet,ssp585,2030,1.84295228151665,0.555929161464519,SSP5-8.5
Tibet,ssp585,2050,3.75600995324958,1.75311027851421,SSP5-8.5
Tibet,ssp585,2080,15.4201615430393,1.69732968961398,SSP5-8.5
Xinjiang,ssp245,2030,0.733336102572041,0.574186576827152,SSP2-4.5
Xinjiang,ssp245,2050,0.818530172054504,1.80750684581612,SSP2-4.5
Xinjiang,ssp245,2080,0.915485867280736,1.09230110116075,SSP2-4.5
Xinjiang,ssp585,2030,0.772035573180973,0.996394083437062,SSP5-8.5
Xinjiang,ssp585,2050,0.934382474675557,1.14349053847383,SSP5-8.5
Xinjiang,ssp585,2080,1.57668512249052,1.14043216560505,SSP5-8.5
Yunnan,ssp245,2030,0.0776398836299222,0.105048003219447,SSP2-4.5
Yunnan,ssp245,2050,0.0978618555847246,0.167716803984105,SSP2-4.5
Yunnan,ssp245,2080,0.17939862356911,0.309250262046642,SSP2-4.5
Yunnan,ssp585,2030,0.0708227748211833,0.140807548528049,SSP5-8.5
Yunnan,ssp585,2050,0.157559093983482,0.410148026173634,SSP5-8.5
Yunnan,ssp585,2080,0.709374079293867,0.565916822488737,SSP5-8.5
Zhejiang,ssp245,2030,1.05336867707868,1.65117578695751,SSP2-4.5
Zhejiang,ssp245,2050,1.6817953580457,0.92428266628265,SSP2-4.5
Zhejiang,ssp245,2080,3.797369539317,0.927937152987333,SSP2-4.5
Zhejiang,ssp585,2030,1.1723930715938,0.997558498712466,SSP5-8.5
Zhejiang,ssp585,2050,3.21066603013329,0.957743321179779,SSP5-8.5
Zhejiang,ssp585,2080,28.8398432634372,1.00004638600143,SSP5-8.5
