province,ssp,horizon,mech,ml,n_sp,mech0,ml0,mech_ratio,ml_ratio
Anhui,ssp245,2030,1.05863791203794,0.674830848107904,269,0.0102001944408332,0.00420914702554541,1.0378605213642,1.60324845868376
Anhui,ssp245,2050,1.48939074754454,1.52079751559267,269,0.0102001944408332,0.00420914702554541,1.46015917263522,3.61307767669532
Anhui,ssp245,2080,2.53533215573083,1.08054279056326,269,0.0102001944408332,0.00420914702554541,2.48557237848471,2.56713007173524
Anhui,ssp585,2030,1.18706268602867,0.583759290564348,269,0.0102001944408332,0.00420914702554541,1.16376476244084,1.3868826320903
Anhui,ssp585,2050,2.48810771168883,0.92318291666824,269,0.0102001944408332,0.00420914702554541,2.4392747864967,2.19327790420582
Anhui,ssp585,2080,16.6778167655535,0.933924988414192,269,0.0102001944408332,0.00420914702554541,16.3504890640017,2.21879868473631
Beijing,ssp245,2030,1.12128969720929,1.01554097036569,160,0.00960337701252802,0.00844828761473764,1.16759937233175,1.20206723146372
Beijing,ssp245,2050,1.70668901307471,1.02674620087782,160,0.00960337701252802,0.00844828761473764,1.77717589432162,1.21533054708828
Beijing,ssp245,2080,3.28607150437574,1.01132934963971,160,0.00960337701252802,0.00844828761473764,3.42178746089935,1.19708205468229
Beijing,ssp585,2030,1.25831298933747,0.95135166979162,160,0.00960337701252802,0.00844828761473764,1.31028177660416,1.12608816505256
Beijing,ssp585,2050,2.81423587800132,1.02118207745662,160,0.00960337701252802,0.00844828761473764,2.93046485036465,1.20874445097633
Beijing,ssp585,2080,16.8729696778412,1.03362477777409,160,0.00960337701252802,0.00844828761473764,17.5698295045896,1.22347252474097
Chongqing,ssp245,2030,0.573552846415052,0.309471505307876,296,0.00524480571821882,0.00329590071831606,1.09356356980528,0.938958821144316
Chongqing,ssp245,2050,0.860193189698661,1.54879332010357,296,0.00524480571821882,0.00329590071831606,1.64008589814989,4.6991504067358
Chongqing,ssp245,2080,1.58204789503407,1.00479343102937,296,0.00524480571821882,0.00329590071831606,3.0164089577971,3.04861558919388
Chongqing,ssp585,2030,0.665764392847182,0.462878805843207,296,0.00524480571821882,0.00329590071831606,1.26937855969483,1.40440761237402
Chongqing,ssp585,2050,1.5130087622286,0.967654123166073,296,0.00524480571821882,0.00329590071831606,2.88477561136894,2.93593225605553
Chongqing,ssp585,2080,9.80715751068367,0.96721306409391,296,0.00524480571821882,0.00329590071831606,18.698800370463,2.93459405108561
Fujian,ssp245,2030,0.480831670095622,0.784724524039459,295,0.00434935092204525,0.00843569873200761,1.10552512021613,0.930242471867773
Fujian,ssp245,2050,0.800588363968215,1.02640277291727,295,0.00434935092204525,0.00843569873200761,1.84070767872587,1.21673711393081
Fujian,ssp245,2080,2.19347995265757,1.04648621336525,295,0.00434935092204525,0.00843569873200761,5.04323516766522,1.24054479256658
Fujian,ssp585,2030,0.548137396069024,1.71216846214828,295,0.00434935092204525,0.00843569873200761,1.26027401764875,2.02966999716549
Fujian,ssp585,2050,1.75006889712812,1.00342098826748,295,0.00434935092204525,0.00843569873200761,4.02374728665299,1.18949362719675
Fujian,ssp585,2080,23.1007804313332,1.0129358754809,295,0.00434935092204525,0.00843569873200761,53.1131675631045,1.20077293850895
Gansu,ssp245,2030,1.36129552005619,0.409008330486701,263,0.011388201298951,0.0092336631901456,1.1953560393963,0.442953486676019
Gansu,ssp245,2050,1.76748470544285,1.02118688862162,263,0.011388201298951,0.0092336631901456,1.55203149210724,1.10593907054294
Gansu,ssp245,2080,2.4006819690752,1.20273420924477,263,0.011388201298951,0.0092336631901456,2.10804314575677,1.30255369345544
Gansu,ssp585,2030,1.50651947843083,0.44734793959297,263,0.011388201298951,0.0092336631901456,1.32287745789109,0.484475045689766
Gansu,ssp585,2050,2.37776463703075,1.19340601372763,263,0.011388201298951,0.0092336631901456,2.08791939535682,1.29245131553126
Gansu,ssp585,2080,6.81384014098361,1.24822170106241,263,0.011388201298951,0.0092336631901456,5.98324525718671,1.3518163651394
Guangdong,ssp245,2030,0.202510183020125,0.874041217669646,263,0.00232133845451004,0.0048533352552258,0.87238542327456,1.8009083891918
Guangdong,ssp245,2050,0.320937478344218,0.208562293088598,263,0.00232133845451004,0.0048533352552258,1.38255357688441,0.429729829325164
Guangdong,ssp245,2080,0.80222015362097,1.76455449594447,263,0.00232133845451004,0.0048533352552258,3.45585173959604,3.63575645025654
Guangdong,ssp585,2030,0.239661010084704,1.55273467964517,263,0.00232133845451004,0.0048533352552258,1.03242596795429,3.1993146938969
Guangdong,ssp585,2050,0.695317305574973,1.87047950665824,263,0.00232133845451004,0.0048533352552258,2.99532928610246,3.85400844634463
Guangdong,ssp585,2080,9.34446867202385,1.05565578080076,263,0.00232133845451004,0.0048533352552258,40.2546584875155,2.17511407163577
Guangxi,ssp245,2030,1.05425332647113,0.33666877560885,279,0.00978294999062718,0.00226879617558979,1.07764358141582,1.48390930499224
Guangxi,ssp245,2050,1.81863808949823,1.8793753000714,279,0.00978294999062718,0.00226879617558979,1.85898741304067,8.28357928443193
Guangxi,ssp245,2080,4.88403447730656,1.07044620467784,279,0.00978294999062718,0.00226879617558979,4.99239440249193,4.71812415850696
Guangxi,ssp585,2030,1.23685228366321,0.670599834542842,279,0.00978294999062718,0.00226879617558979,1.26429378137291,2.95575178483591
Guangxi,ssp585,2050,4.08537656334866,1.09121932499578,279,0.00978294999062718,0.00226879617558979,4.17601701660825,4.80968425782942
Guangxi,ssp585,2080,34.3135318690856,1.10935662580173,279,0.00978294999062718,0.00226879617558979,35.0748311112298,4.88962665636259
Guizhou,ssp245,2030,0.929987624232363,0.273991863113584,298,0.00885553402344145,0.014198875464124,1.05017678411104,0.192967297872197
Guizhou,ssp245,2050,1.52552660503255,0.50872883133609,298,0.00885553402344145,0.014198875464124,1.72268165984607,0.35828811416896
Guizhou,ssp245,2080,3.5294853013555,0.988772581409563,298,0.00885553402344145,0.014198875464124,3.98562671885468,0.696373867006494
Guizhou,ssp585,2030,1.1129678160165,0.249815592298131,298,0.00885553402344145,0.014198875464124,1.25680485566468,0.17594040663948
Guizhou,ssp585,2050,3.16524511369183,1.00988217710749,298,0.00885553402344145,0.014198875464124,3.5743130852562,0.711240956834319
Guizhou,ssp585,2080,25.7764760646865,1.04785712444436,298,0.00885553402344145,0.014198875464124,29.1077601830151,0.737985995505039
Hainan,ssp245,2030,1.24697523148918,0.194930210553967,202,0.012721565037672,0.00189821856784505,0.980205837722437,1.02691130439874
Hainan,ssp245,2050,2.32039751756209,1.75163689539722,202,0.012721565037672,0.00189821856784505,1.82398746592165,9.22779349580253
Hainan,ssp245,2080,7.93016277128842,1.03973646522592,202,0.012721565037672,0.00189821856784505,6.23363772287846,5.47743280378021
Hainan,ssp585,2030,1.47911754260878,0.292040965557882,202,0.012721565037672,0.00189821856784505,1.16268520282584,1.53850020490223
Hainan,ssp585,2050,6.31574575846969,1.08360694496579,202,0.012721565037672,0.00189821856784505,4.9645980976138,5.70854675705734
Hainan,ssp585,2080,56.5630450937302,1.02363985814477,202,0.012721565037672,0.00189821856784505,44.4623322100948,5.39263431242722
Hebei,ssp245,2030,0.40155848129986,0.300343506006637,214,0.00380627426501961,0.00376774135473289,1.05499092640344,0.797144702168469
Hebei,ssp245,2050,0.57704203743238,1.5174390602896,214,0.00380627426501961,0.00376774135473289,1.51602852883069,4.02745018148196
Hebei,ssp245,2080,1.03711433624489,0.97102528445044,214,0.00380627426501961,0.00376774135473289,2.72474935864757,2.57720791590611
Hebei,ssp585,2030,0.449737958351536,0.396804445533073,214,0.00380627426501961,0.00376774135473289,1.18157002632394,1.05316264619551
Hebei,ssp585,2050,0.936200538345159,0.960830206630282,214,0.00380627426501961,0.00376774135473289,2.45962448620432,2.55014905793182
Hebei,ssp585,2080,5.14042513610715,0.9209960598986,214,0.00380627426501961,0.00376774135473289,13.5051359365998,2.44442485082391
Heilongjiang,ssp245,2030,1.37157195801957,0.825857049799091,172,0.00899821501524176,0.00395394439421876,1.52427115344133,2.0886916138897
Heilongjiang,ssp245,2050,1.77136600283707,0.480562030286312,172,0.00899821501524176,0.00395394439421876,1.96857487828043,1.2153990607176
Heilongjiang,ssp245,2080,2.51216412430101,1.08355377871153,172,0.00899821501524176,0.00395394439421876,2.79184718307547,2.74043757493365
Heilongjiang,ssp585,2030,1.4668992380395,0.451286889776468,172,0.00899821501524176,0.00395394439421876,1.63021136475931,1.1413587162134
Heilongjiang,ssp585,2050,2.38088133985361,1.09411934742617,172,0.00899821501524176,0.00395394439421876,2.64594848625057,2.76715916649191
Heilongjiang,ssp585,2080,5.25286847406869,1.05384299775239,172,0.00899821501524176,0.00395394439421876,5.83767832305745,2.66529544343937
Henan,ssp245,2030,1.13647654797464,0.753861515775108,243,0.0109897268292852,0.00834333897978374,1.03412629415518,0.903548947971245
Henan,ssp245,2050,1.52931395688042,1.68829798600694,243,0.0109897268292852,0.00834333897978374,1.39158505087237,2.02352797854403
Henan,ssp245,2080,2.30277333686067,1.13394604646122,243,0.0109897268292852,0.00834333897978374,2.09538723994876,1.35910341076734
Henan,ssp585,2030,1.24357796178311,0.946823952847962,243,0.0109897268292852,0.00834333897978374,1.13158223229831,1.1348261830691
Henan,ssp585,2050,2.50031729454396,1.11788661753828,243,0.0109897268292852,0.00834333897978374,2.27514053204778,1.33985520694648
Henan,ssp585,2080,15.1677839562154,1.0298926802927,243,0.0109897268292852,0.00834333897978374,13.8017843317057,1.23438911302558
Hubei,ssp245,2030,0.987769829458735,1.6903114252949,277,0.00893718933972916,0.00750053664904747,1.10523542907134,2.25358731566169
Hubei,ssp245,2050,1.43318169759432,0.982606624394306,277,0.00893718933972916,0.00750053664904747,1.60361568174828,1.31004842769363
Hubei,ssp245,2080,2.49368698247238,1.06466904270802,277,0.00893718933972916,0.00750053664904747,2.79023626744374,1.41945715689987
Hubei,ssp585,2030,1.08909731135311,1.59923938390486,277,0.00893718933972916,0.00750053664904747,1.21861277629161,2.13216661518207
Hubei,ssp585,2050,2.61599288602656,1.00091552010499,277,0.00893718933972916,0.00750053664904747,2.92708679047169,1.33445854201925
Hubei,ssp585,2080,18.9225369912456,0.983401811479957,277,0.00893718933972916,0.00750053664904747,21.1728053104211,1.31110860128234
Hunan,ssp245,2030,2.24315300537152,0.769555959804897,255,0.0204922519942815,0.00609729134559851,1.09463469705403,1.2621275845059
Hunan,ssp245,2050,3.46878605993779,0.942404407496546,255,0.0204922519942815,0.00609729134559851,1.69273053098594,1.54561157418998
Hunan,ssp245,2080,7.29529364719939,0.999639225032582,255,0.0204922519942815,0.00609729134559851,3.56002534481579,1.63948082578373
Hunan,ssp585,2030,2.52797796797238,1.70792775292534,255,0.0204922519942815,0.00609729134559851,1.23362623526093,2.8011253786622
Hunan,ssp585,2050,6.46436712254083,0.997434603141657,255,0.0204922519942815,0.00609729134559851,3.1545420797796,1.63586508599705
Hunan,ssp585,2080,35.9507320011609,1.0345567856897,255,0.0204922519942815,0.00609729134559851,17.5435730593169,1.69674815758398
Inner Mongolia,ssp245,2030,1.55860141591935,0.447952528603566,195,0.0123509930731723,0.00416988855203948,1.26192396569698,1.07425539798773
Inner Mongolia,ssp245,2050,1.86717261729948,1.48646398137013,195,0.0123509930731723,0.00416988855203948,1.51175910004774,3.56475709798792
Inner Mongolia,ssp245,2080,2.48547332477639,0.963889863043546,195,0.0123509930731723,0.00416988855203948,2.01236719189415,2.31154826085726
Inner Mongolia,ssp585,2030,1.65817987485671,0.909039313272119,195,0.0123509930731723,0.00416988855203948,1.34254781379357,2.18000865473374
Inner Mongolia,ssp585,2050,2.3092112436371,0.970244794510878,195,0.0123509930731723,0.00416988855203948,1.86965633447966,2.32678831197139
Inner Mongolia,ssp585,2080,4.90595708468581,1.06699297837435,195,0.0123509930731723,0.00416988855203948,3.97211548546819,2.55880454611309
Jiangsu,ssp245,2030,1.23926758720393,1.62157043183044,282,0.010735920148578,0.0144704388246495,1.15431893126372,1.12060902332015
Jiangsu,ssp245,2050,2.00862700519913,0.987276225722335,282,0.010735920148578,0.0144704388246495,1.87094070876186,0.682271102961004
Jiangsu,ssp245,2080,4.19558730356196,0.999641631183327,282,0.010735920148578,0.0144704388246495,3.90799041488555,0.690816390087976
Jiangsu,ssp585,2030,1.38008843015864,1.07078862251427,282,0.010735920148578,0.0144704388246495,1.28548686191694,0.739983517770202
Jiangsu,ssp585,2050,4.08797796048324,0.915282407275183,282,0.010735920148578,0.0144704388246495,3.80775741986559,0.632518763505676
Jiangsu,ssp585,2080,34.3169434168225,0.980732991592959,282,0.010735920148578,0.0144704388246495,31.9646038177433,0.677749309110336
Jiangxi,ssp245,2030,0.996588206703829,0.443813636785329,254,0.00942997717084633,0.00557135792098954,1.05682992508707,0.79659868039227
Jiangxi,ssp245,2050,1.46711447497133,1.62077702679965,254,0.00942997717084633,0.00557135792098954,1.55579854371976,2.90912386133644
Jiangxi,ssp245,2080,3.00232872030145,0.984363163354822,254,0.00942997717084633,0.00557135792098954,3.18381334960537,1.76682808269476
Jiangxi,ssp585,2030,1.11841250000131,0.874310926814732,254,0.00942997717084633,0.00557135792098954,1.18601824769946,1.56929592249109
Jiangxi,ssp585,2050,2.60133091159097,0.98137565004808,254,0.00942997717084633,0.00557135792098954,2.75857604367615,1.76146581132554
Jiangxi,ssp585,2080,19.6609135245882,0.98350416762593,254,0.00942997717084633,0.00557135792098954,20.8493755269862,1.76528627593764
Jilin,ssp245,2030,0.973699352735215,0.419093815814805,184,0.00686624226323133,0.00324421502813019,1.41809641344781,1.29181885966526
Jilin,ssp245,2050,1.23227240648211,0.466539794338725,184,0.00686624226323133,0.00324421502813019,1.79468238847458,1.4380668059713
Jilin,ssp245,2080,1.79196047133246,0.835944593057755,184,0.00686624226323133,0.00324421502813019,2.60981247476278,2.57672375539039
Jilin,ssp585,2030,1.04760237294305,0.395450255398274,184,0.00686624226323133,0.00324421502813019,1.5257288233958,1.218939718759
Jilin,ssp585,2050,1.66597387684053,0.860049521788429,184,0.00686624226323133,0.00324421502813019,2.42632551106127,2.6510250224817
Jilin,ssp585,2080,3.86416316961817,0.892352974092912,184,0.00686624226323133,0.00324421502813019,5.62776992345687,2.75059749848709
Liaoning,ssp245,2030,0.828561395430578,0.333607434208317,228,0.00693540305746338,0.00349606973708305,1.19468383966371,0.954235639723431
Liaoning,ssp245,2050,1.10706036651627,1.07244936281635,228,0.00693540305746338,0.00349606973708305,1.59624517471257,3.06758572759808
Liaoning,ssp245,2080,1.82093806704452,0.726964530839356,228,0.00693540305746338,0.00349606973708305,2.62556920190089,2.07937651565812
Liaoning,ssp585,2030,0.905659664375079,0.421376461459307,228,0.00693540305746338,0.00349606973708305,1.30585008091271,1.20528620178751
Liaoning,ssp585,2050,1.63063838066413,0.741338160597687,228,0.00693540305746338,0.00349606973708305,2.35118041035748,2.12049019713269
Liaoning,ssp585,2080,6.03344916482775,0.731644734919986,228,0.00693540305746338,0.00349606973708305,8.69949318711186,2.09276356006112
Ningxia,ssp245,2030,1.10368123597896,0.999766863771418,176,0.00876449584173428,0.0086524648941122,1.25926380240094,1.15547058093438
Ningxia,ssp245,2050,1.36593907060833,0.520101668106773,176,0.00876449584173428,0.0086524648941122,1.55849132143355,0.60110231531906
Ningxia,ssp245,2080,1.61611517655748,1.67084463054462,176,0.00876449584173428,0.0086524648941122,1.8439339874656,1.93106201642216
Ningxia,ssp585,2030,1.19636661514273,0.768912520090287,176,0.00876449584173428,0.0086524648941122,1.36501475583563,0.888662975811106
Ningxia,ssp585,2050,1.58325810394221,1.89474491635337,176,0.00876449584173428,0.0086524648941122,1.80644515387085,2.18983253852056
Ningxia,ssp585,2080,3.54271195625875,1.14581113170557,176,0.00876449584173428,0.0086524648941122,4.04211721955445,1.32425978692531
Qinghai,ssp245,2030,0.90657313612473,0.338917878656907,216,0.00806537820917057,0.00617420102072949,1.12403053224947,0.548925889388784
Qinghai,ssp245,2050,1.34948413369465,1.08565449395596,216,0.00806537820917057,0.00617420102072949,1.67318146613416,1.75837244416071
Qinghai,ssp245,2080,2.56986299494244,1.61561312927882,216,0.00806537820917057,0.00617420102072949,3.18628950595328,2.61671611250508
Qinghai,ssp585,2030,1.0119433734601,0.35963629157373,216,0.00806537820917057,0.00617420102072949,1.25467566085059,0.582482316928577
Qinghai,ssp585,2050,2.35672082201498,1.56707620685834,216,0.00806537820917057,0.00617420102072949,2.92202146123206,2.53810363737264
Qinghai,ssp585,2080,13.8033267074824,1.6386082519872,216,0.00806537820917057,0.00617420102072949,17.1142956343791,2.65395999658203
Shaanxi,ssp245,2030,1.32561129537514,0.414701732838447,258,0.0121462190118162,0.00404655221960681,1.0913777316921,1.0248273353031
Shaanxi,ssp245,2050,1.71856264394589,1.95158387086708,258,0.0121462190118162,0.00404655221960681,1.41489515566451,4.82283130169691
Shaanxi,ssp245,2080,2.62688106940663,1.16359435785345,258,0.0121462190118162,0.00404655221960681,2.16271505301454,2.87552042999835
Shaanxi,ssp585,2030,1.44036261455396,0.575339670298448,258,0.0121462190118162,0.00404655221960681,1.18585266176473,1.42180216410095
Shaanxi,ssp585,2050,2.57755378994969,1.16039035578309,258,0.0121462190118162,0.00404655221960681,2.12210383119403,2.8676025732737
Shaanxi,ssp585,2080,11.3110030490019,1.0501676526953,258,0.0121462190118162,0.00404655221960681,9.31236546780383,2.59521586699639
Shandong,ssp245,2030,0.906117556330165,0.444363456325031,269,0.00856237515268182,0.00667426948540335,1.05825491195204,0.665785907052233
Shandong,ssp245,2050,1.36027573696845,1.15139216935906,269,0.00856237515268182,0.00667426948540335,1.58866636034091,1.72512088682838
Shandong,ssp245,2080,2.69308968273754,0.701759247841542,269,0.00856237515268182,0.00667426948540335,3.14526008813576,1.05143978584666
Shandong,ssp585,2030,1.02047064631431,0.614601776452188,269,0.00856237515268182,0.00667426948540335,1.19180791324553,0.920852503478207
Shandong,ssp585,2050,2.47369605447493,0.697285800801805,269,0.00856237515268182,0.00667426948540335,2.88903021692544,1.04473725900156
Shandong,ssp585,2080,18.9534747115544,0.686197400008256,269,0.00856237515268182,0.00667426948540335,22.1357676737838,1.02812360440191
Shanghai,ssp245,2030,0.811674222146592,0.766689788170092,223,0.00754358090036051,0.00517157223514144,1.07598000587201,1.4825081296561
Shanghai,ssp245,2050,1.32303966115013,0.953395855341591,223,0.00754358090036051,0.00517157223514144,1.75386156604605,1.84353193186234
Shanghai,ssp245,2080,3.03061856280711,1.0009711525286,223,0.00754358090036051,0.00517157223514144,4.01748003081968,1.9355258072717
Shanghai,ssp585,2030,0.92159333577269,1.72591054448733,223,0.00754358090036051,0.00517157223514144,1.22169212201151,3.33730336929177
Shanghai,ssp585,2050,2.75104283164916,1.02052239773194,223,0.00754358090036051,0.00517157223514144,3.64686594866064,1.97333103228718
Shanghai,ssp585,2080,33.3146613521667,1.02218340298228,223,0.00754358090036051,0.00517157223514144,44.1629271193666,1.97654283166814
Shanxi,ssp245,2030,0.495904750741079,0.383165401215687,211,0.00475918189079166,0.00452608544455612,1.04199579280755,0.846571294133545
Shanxi,ssp245,2050,0.649991542990498,1.65624806461017,211,0.00475918189079166,0.00452608544455612,1.36576318767757,3.65933892521245
Shanxi,ssp245,2080,1.0304077399876,1.0321807689519,211,0.00475918189079166,0.00452608544455612,2.16509426122439,2.28051542905224
Shanxi,ssp585,2030,0.537967596944202,0.777784341745414,211,0.00475918189079166,0.00452608544455612,1.13037830721514,1.71844820711663
Shanxi,ssp585,2050,0.985849930975015,1.04263082347475,211,0.00475918189079166,0.00452608544455612,2.07146932728605,2.30360393378964
Shanxi,ssp585,2080,4.85855534594447,0.988808385277458,211,0.00475918189079166,0.00452608544455612,10.2088036503608,2.18468784425353
Sichuan,ssp245,2030,0.669513007640597,2.19284666313127,319,0.00593815563794946,0.00927471678753655,1.12747635538868,2.36432735722781
Sichuan,ssp245,2050,1.04570255192492,1.22230209207285,319,0.00593815563794946,0.00927471678753655,1.76098879127058,1.31788616307442
Sichuan,ssp245,2080,2.31455178586183,1.28188072081559,319,0.00593815563794946,0.00927471678753655,3.89776207795907,1.38212384289533
Sichuan,ssp585,2030,0.759251105587482,2.17204077649558,319,0.00593815563794946,0.00927471678753655,1.27859751727502,2.34189444945035
Sichuan,ssp585,2050,2.14303037429202,1.28286650826203,319,0.00593815563794946,0.00927471678753655,3.60891580644397,1.38318671895831
Sichuan,ssp585,2080,18.0862406060164,1.24174606399523,319,0.00593815563794946,0.00927471678753655,30.457673575329,1.33885065435518
Tianjin,ssp245,2030,0.908099312887915,0.417003794724794,169,0.00861480763795831,0.0039547434629123,1.05411443998665,1.05443955754771
Tianjin,ssp245,2050,1.30289432404208,1.50998412258096,169,0.00861480763795831,0.0039547434629123,1.51238934030437,3.81815947542904
Tianjin,ssp245,2080,2.3856869844268,0.947123464195543,169,0.00861480763795831,0.0039547434629123,2.769286424824,2.39490493650902
Tianjin,ssp585,2030,1.01487570137162,0.724195728709469,169,0.00861480763795831,0.0039547434629123,1.17805962015902,1.83120785330578
Tianjin,ssp585,2050,2.14737546316102,1.01730047467512,169,0.00861480763795831,0.0039547434629123,2.49265631155746,2.57235515834439
Tianjin,ssp585,2080,11.8177019873013,0.896621134528923,169,0.00861480763795831,0.0039547434629123,13.7178942165005,2.26720429008218
Tibet,ssp245,2030,1.71461850968241,0.381146060203719,256,0.015687231177412,0.0182755362275202,1.09300264035841,0.208555336192965
Tibet,ssp245,2050,2.39782214100751,1.17412554845941,256,0.015687231177412,0.0182755362275202,1.52851839428498,0.642457509231033
Tibet,ssp245,2080,4.13203481064553,1.74493060321765,256,0.015687231177412,0.0182755362275202,2.63401154984905,0.954790371945449
Tibet,ssp585,2030,1.84295228151665,0.555929161464519,256,0.015687231177412,0.0182755362275202,1.17481043064522,0.304193077862948
Tibet,ssp585,2050,3.75600995324958,1.75311027851421,256,0.015687231177412,0.0182755362275202,2.39431032205215,0.95926612313257
Tibet,ssp585,2080,15.4201615430393,1.69732968961398,256,0.015687231177412,0.0182755362275202,9.82975349100658,0.928744124650119
Xinjiang,ssp245,2030,0.733336102572041,0.574186576827152,262,0.00643451005523223,0.00508654747160066,1.13969221631059,1.12883361461377
Xinjiang,ssp245,2050,0.818530172054504,1.80750684581612,262,0.00643451005523223,0.00508654747160066,1.27209401341896,3.55350432863909
Xinjiang,ssp245,2080,0.915485867280736,1.09230110116075,262,0.00643451005523223,0.00508654747160066,1.42277478692617,2.14743125324067
Xinjiang,ssp585,2030,0.772035573180973,0.996394083437062,262,0.00643451005523223,0.00508654747160066,1.19983583296011,1.95888092856727
Xinjiang,ssp585,2050,0.934382474675557,1.14349053847383,262,0.00643451005523223,0.00508654747160066,1.45214238015801,2.24806815400465
Xinjiang,ssp585,2080,1.57668512249052,1.14043216560505,262,0.00643451005523223,0.00508654747160066,2.45035769461334,2.24205548453512
Yunnan,ssp245,2030,0.0776398836299222,0.105048003219447,291,0.00123268269073553,0.00348534884452948,0.629844843392708,0.301398820908065
Yunnan,ssp245,2050,0.0978618555847246,0.167716803984105,291,0.00123268269073553,0.00348534884452948,0.793893321616542,0.481205214930923
Yunnan,ssp245,2080,0.17939862356911,0.309250262046642,291,0.00123268269073553,0.00348534884452948,1.45535120203614,0.887286397549658
Yunnan,ssp585,2030,0.0708227748211833,0.140807548528049,291,0.00123268269073553,0.00348534884452948,0.574541813180844,0.403998436911293
Yunnan,ssp585,2050,0.157559093983482,0.410148026173634,291,0.00123268269073553,0.00348534884452948,1.27818046905054,1.17677754643525
Yunnan,ssp585,2080,0.709374079293867,0.565916822488737,291,0.00123268269073553,0.00348534884452948,5.75471761407302,1.6237020962105
Zhejiang,ssp245,2030,1.05336867707868,1.65117578695751,284,0.0093522212333973,0.0130859988743216,1.12632993894225,1.26178811630313
Zhejiang,ssp245,2050,1.6817953580457,0.92428266628265,284,0.0093522212333973,0.0130859988743216,1.79828440332433,0.70631418752171
Zhejiang,ssp245,2080,3.797369539317,0.927937152987333,284,0.0093522212333973,0.0130859988743216,4.06039318847204,0.709106856801129
Zhejiang,ssp585,2030,1.1723930715938,0.997558498712466,284,0.0093522212333973,0.0130859988743216,1.25359852203573,0.762309784902972
Zhejiang,ssp585,2050,3.21066603013329,0.957743321179779,284,0.0093522212333973,0.0130859988743216,3.43305183870953,0.731884000891318
Zhejiang,ssp585,2080,28.8398432634372,1.00004638600143,284,0.0093522212333973,0.0130859988743216,30.8374262581049,0.764210967466766
