grid_cell,province,olap
1489,Hebei,5518555334.11133
1560,Hebei,5608417548.32504
1561,Beijing,4597758391.10719
1562,Hebei,3392132207.8568
1632,Hebei,3815129098.44465
1633,Beijing,5673506876.89375
1634,Tianjin,2986773342.06367
1704,Hebei,6029168073.02287
1705,Hebei,5815552759.3203
1635,Hebei,5813360402.41942
1706,Tianjin,5713186664.5062
1707,Hebei,2700256350.50517
1777,Hebei,6152469554.61466
1778,Hebei,4114359607.55388
1346,Inner Mongolia,3732268261.88938
1347,Inner Mongolia,4678309342.88605
1415,Hebei,2811782928.70427
1416,Inner Mongolia,4392199846.40917
1417,Inner Mongolia,2857956407.51234
1418,Hebei,5383579928.82789
1419,Hebei,3194909586.09825
1486,Inner Mongolia,4793282898.46459
1487,Hebei,5601478345.56684
1488,Hebei,5690838014.83051
1490,Hebei,5730424225.34385
1491,Hebei,5111846866.06692
1492,Inner Mongolia,2017598603.60273
1558,Inner Mongolia,4130971071.23051
1559,Hebei,4756855722.16006
1563,Hebei,5868137930.87042
1564,Hebei,4186300444.94794
1565,Liaoning,5559928387.20835
1630,Shanxi,5743996654.76155
1631,Hebei,4773647782.90432
1636,Hebei,5592445907.88446
1637,Hebei,916604490.307101
1702,Shanxi,5364449139.07185
1703,Hebei,4375353340.95668
1708,Hebei,2160026791.36124
1774,Shanxi,3100423348.56314
1775,Hebei,6164912449.91866
1776,Hebei,6179409955.97569
1779,Hebei,153861474.65281
1846,Shanxi,5542547682.6254
1847,Hebei,6239234110.45605
1848,Hebei,6300532261.81635
1849,Hebei,5414838380.80796
1850,Shandong,4047295002.20782
1851,Shandong,5646246940.3066
1918,Shanxi,4275332816.67497
1919,Hebei,6406393585.30309
1920,Hebei,5769807261.1085
1921,Shandong,6036975635.48988
1990,Shanxi,3232865912.99536
1991,Hebei,4860728071.6884
1992,Shandong,3564108873.12232
1557,Inner Mongolia,5312052343.74068
1628,Inner Mongolia,4039800943.87024
1629,Shanxi,5801571459.81403
1699,Shaanxi,3350929508.01806
1700,Shanxi,5999355106.57734
1701,Shanxi,6022425944.3322
1771,Shanxi,4078829793.12967
1772,Shanxi,6132718005.34209
1773,Shanxi,6141576021.37826
1843,Shanxi,5127350114.6221
1844,Shanxi,6251987491.03894
1845,Shanxi,6261195886.53511
1914,Shaanxi,6081571571.56839
1915,Shanxi,5945629305.73937
1916,Shanxi,6371617970.85552
1917,Shanxi,6381184731.45777
1986,Shaanxi,6263609120.93688
1987,Shanxi,6481530357.68179
1988,Shanxi,6491504383.8313
1989,Shanxi,6501437239.77932
2058,Shaanxi,6483717457.55941
2059,Shanxi,6254194361.62192
2060,Shanxi,6605713121.22395
2061,Shanxi,6414857253.85009
2062,Henan,4549434130.77931
2130,Shaanxi,5247951863.69325
2131,Shanxi,5114445595.90035
2132,Henan,4725086911.8561
2133,Henan,6514687876.91828
54,Inner Mongolia,660661344.414171
55,Heilongjiang,1090073974.45607
125,Inner Mongolia,537358624.868372
126,Inner Mongolia,3407782711.58327
127,Heilongjiang,2641154836.40876
198,Inner Mongolia,2430852217.06934
199,Inner Mongolia,2878690921.667
200,Heilongjiang,2355880849.0566
269,Inner Mongolia,729946306.074461
270,Inner Mongolia,3624653237.17055
271,Inner Mongolia,3928525869.12605
272,Inner Mongolia,2670195986.84092
275,Heilongjiang,3310704448.7842
341,Inner Mongolia,2713623400.51873
342,Inner Mongolia,4016404353.47178
343,Inner Mongolia,4027748713.31133
344,Inner Mongolia,3907569646.54547
345,Inner Mongolia,3080704532.48207
346,Inner Mongolia,3316282972.39286
347,Inner Mongolia,3902797851.35419
348,Heilongjiang,3522744936.05756
412,Inner Mongolia,624482612.714654
413,Inner Mongolia,4083158731.72281
414,Inner Mongolia,4116788262.02244
415,Inner Mongolia,4128709916.19689
416,Inner Mongolia,4141449115.0535
417,Inner Mongolia,4155007611.19685
418,Inner Mongolia,4169387156.46598
419,Inner Mongolia,3871387190.00737
420,Heilongjiang,4015637971.53818
481,Inner Mongolia,83939971.0934396
482,Inner Mongolia,45014973.6300115
483,Inner Mongolia,222005056.113728
484,Inner Mongolia,2224146160.37761
485,Inner Mongolia,4207206112.1687
486,Inner Mongolia,4218871058.23065
487,Inner Mongolia,4231394632.28827
488,Inner Mongolia,4244779026.43659
489,Inner Mongolia,4259026480.16193
490,Inner Mongolia,4274139259.03418
491,Heilongjiang,2259593472.69521
553,Inner Mongolia,1675845494.95143
554,Inner Mongolia,3639589361.92523
555,Inner Mongolia,3676988421.24412
556,Inner Mongolia,4299039961.42916
557,Inner Mongolia,4310386596.57409
558,Inner Mongolia,4322633996.31761
559,Inner Mongolia,4335784761.51282
560,Inner Mongolia,4349841591.92423
561,Inner Mongolia,4364807265.96927
562,Inner Mongolia,4378321146.38473
563,Heilongjiang,2710973641.74973
624,Inner Mongolia,15195874.5766438
625,Inner Mongolia,3574197843.46607
626,Inner Mongolia,4382309873.51995
627,Inner Mongolia,4392331519.42448
628,Inner Mongolia,4403294350.846
629,Inner Mongolia,4415201167.6968
630,Inner Mongolia,4428054940.94655
631,Inner Mongolia,4441858795.31075
632,Inner Mongolia,4456615990.19543
633,Inner Mongolia,4472329898.80672
634,Inner Mongolia,3612150000.30381
635,Heilongjiang,4492016979.39029
696,Inner Mongolia,901626742.492615
697,Inner Mongolia,4477602469.46791
698,Inner Mongolia,4487126732.63886
699,Inner Mongolia,4113873714.06408
700,Inner Mongolia,4508290479.23109
701,Inner Mongolia,4521623602.74796
702,Inner Mongolia,4535108217.25037
703,Inner Mongolia,4549591662.66618
704,Inner Mongolia,4565077813.64904
705,Inner Mongolia,3667723714.03976
706,Heilongjiang,3642534444.81163
768,Inner Mongolia,369867968.973163
769,Inner Mongolia,941320860.202449
770,Inner Mongolia,1205388564.10497
771,Inner Mongolia,4772816.81085667
772,Inner Mongolia,2367098691.14792
773,Inner Mongolia,4629624016.10142
774,Inner Mongolia,4643764461.70289
775,Inner Mongolia,4658954576.72008
776,Inner Mongolia,3321708926.26461
777,Heilongjiang,4419420883.81237
844,Inner Mongolia,3783443.41501029
845,Inner Mongolia,3214971948.66041
846,Inner Mongolia,4753990474.53159
847,Inner Mongolia,4769914882.6711
848,Inner Mongolia,2891056514.87291
849,Heilongjiang,4314242818.68077
913,Inner Mongolia,454040779.637331
914,Inner Mongolia,2337266333.30219
915,Inner Mongolia,4039576814.23314
916,Inner Mongolia,4236608715.31608
917,Inner Mongolia,4396235160.6798
918,Inner Mongolia,4865749074.42859
919,Inner Mongolia,4882435907.72216
920,Inner Mongolia,4776920693.37484
921,Heilongjiang,3378116272.76727
984,Inner Mongolia,55916570.2957694
985,Inner Mongolia,3346512823.28431
986,Inner Mongolia,4921176044.70991
987,Inner Mongolia,4933830851.00317
988,Inner Mongolia,4947682359.89485
989,Inner Mongolia,4962736333.83053
990,Inner Mongolia,4978998956.36214
991,Inner Mongolia,3695027930.70386
992,Jilin,3193567163.4513
993,Jilin,5032929564.17957
1052,Inner Mongolia,906934401.84753
1053,Inner Mongolia,432133401.49618
1054,Inner Mongolia,106371006.943669
1055,Inner Mongolia,3102813237.51412
1056,Inner Mongolia,4440770632.62725
1057,Inner Mongolia,5021186740.86788
1058,Inner Mongolia,5033179924.2274
1059,Inner Mongolia,5046421032.60057
1060,Inner Mongolia,5060916080.79786
1061,Inner Mongolia,5076671586.34411
1062,Inner Mongolia,5093694553.36154
1063,Inner Mongolia,4805111472.16181
1064,Jilin,5081030800.74386
1124,Inner Mongolia,4303573889.76596
1125,Inner Mongolia,4929512078.16275
1126,Inner Mongolia,4622103890.47705
1127,Inner Mongolia,5112756042.45637
1128,Inner Mongolia,5122702234.31222
1129,Inner Mongolia,5133943223.62812
1130,Inner Mongolia,5146484583.07978
1131,Inner Mongolia,5160332485.22371
1132,Inner Mongolia,5175493690.28136
1133,Inner Mongolia,5191975532.24948
1134,Inner Mongolia,5209785903.18675
1135,Inner Mongolia,5062259425.96651
1136,Jilin,4183766367.57813
1137,Jilin,4995603262.33522
1196,Inner Mongolia,2935734166.81486
1197,Inner Mongolia,5209038842.09371
1198,Inner Mongolia,5216740120.24369
1199,Inner Mongolia,5225785149.70279
1200,Inner Mongolia,5236178773.38245
1201,Inner Mongolia,5247926528.99867
1202,Inner Mongolia,5261034640.34972
1203,Inner Mongolia,5275510007.19124
1204,Inner Mongolia,5291360193.56732
1205,Inner Mongolia,5308593414.49563
1206,Inner Mongolia,5327218520.85188
1207,Inner Mongolia,5347244982.31445
1208,Inner Mongolia,5365564446.6765
1209,Jilin,3296578808.46612
1267,Inner Mongolia,2410689327.34341
1268,Inner Mongolia,5117144759.58378
1269,Inner Mongolia,5322461155.19489
1270,Inner Mongolia,5330503562.48166
1271,Inner Mongolia,5339949911.44252
1272,Inner Mongolia,5350805582.53393
1273,Inner Mongolia,5363076731.90842
1274,Inner Mongolia,5376770283.31621
1275,Inner Mongolia,5391893918.64659
1276,Inner Mongolia,5408456066.98485
1277,Inner Mongolia,5426465892.07934
1278,Inner Mongolia,5445933278.02561
1279,Inner Mongolia,5466868813.04681
1280,Inner Mongolia,5489283771.14613
1281,Inner Mongolia,2729333984.76071
1324,Inner Mongolia,2527257727.37478
1325,Inner Mongolia,3127317894.58177
1326,Inner Mongolia,2636007416.56024
1327,Inner Mongolia,3177190758.33538
1328,Inner Mongolia,2873793076.57562
1329,Inner Mongolia,843665414.513013
1334,Inner Mongolia,1264772.11425678
1335,Inner Mongolia,812413846.572506
1336,Inner Mongolia,1168481363.78746
1337,Inner Mongolia,1320125310.33638
1338,Inner Mongolia,3271091269.68959
1339,Inner Mongolia,5390450053.23754
1340,Inner Mongolia,5429997910.01262
1341,Inner Mongolia,5436931202.70185
1342,Inner Mongolia,5445325479.18478
1343,Inner Mongolia,5455185827.28255
1344,Inner Mongolia,5466518203.65788
1345,Inner Mongolia,5479329427.65065
1348,Inner Mongolia,5450624051.2139
1349,Inner Mongolia,5458579142.86337
1350,Inner Mongolia,5431951935.00236
1351,Inner Mongolia,3193223705.03738
1352,Liaoning,4240543628.69233
1353,Liaoning,5505399865.08963
1396,Gansu,4161555673.22569
1397,Inner Mongolia,5618761380.19599
1398,Inner Mongolia,5603138767.00084
1399,Inner Mongolia,5589073002.63464
1400,Inner Mongolia,5576555183.34832
1401,Inner Mongolia,5267411823.0947
1402,Inner Mongolia,3860787721.22972
1403,Inner Mongolia,1782766564.67617
1404,Inner Mongolia,821893928.973629
1405,Inner Mongolia,2102975769.13892
1406,Inner Mongolia,4666748120.93764
1407,Inner Mongolia,5531725251.21721
1408,Inner Mongolia,5531385212.34317
1409,Inner Mongolia,5532556190.50507
1410,Inner Mongolia,5535238941.72595
1411,Inner Mongolia,5539435197.08885
1412,Inner Mongolia,5545147661.51779
1413,Inner Mongolia,5552380011.84213
1414,Inner Mongolia,5561136894.10717
1420,Inner Mongolia,4638302485.53537
1421,Liaoning,3687356686.55272
1422,Liaoning,5156040032.85747
1468,Gansu,5013435514.49416
1469,Inner Mongolia,5348104334.25456
1470,Inner Mongolia,5714795205.6043
1471,Inner Mongolia,5696941093.73707
1472,Inner Mongolia,5693941387.39324
1473,Inner Mongolia,5682494316.00313
1474,Inner Mongolia,5672646523.46462
1475,Inner Mongolia,5664391361.06512
1476,Inner Mongolia,5644351858.54623
1477,Inner Mongolia,5652637646.55295
1478,Inner Mongolia,5649131120.35866
1479,Inner Mongolia,5647201280.34257
1480,Inner Mongolia,5646846813.84894
1481,Inner Mongolia,5648067479.70173
1482,Inner Mongolia,5650864108.33425
1483,Inner Mongolia,5655238601.36878
1484,Inner Mongolia,5661193930.66941
1485,Inner Mongolia,5668734136.8222
1541,Gansu,4657084882.82313
1542,Gansu,4930029819.37439
1543,Gansu,2981228980.02169
1544,Inner Mongolia,5812184437.50377
1545,Inner Mongolia,5800254678.59618
1546,Inner Mongolia,5789992442.91032
1547,Inner Mongolia,5781390438.57472
1548,Inner Mongolia,5774442541.10516
1549,Inner Mongolia,5769143795.60074
1550,Inner Mongolia,5765490418.41551
1551,Inner Mongolia,5763479798.37831
1552,Inner Mongolia,5763110497.59927
1553,Inner Mongolia,5764382251.91176
1554,Inner Mongolia,5767295970.94218
1555,Inner Mongolia,5771853737.848
1556,Inner Mongolia,5778867733.13181
1614,Gansu,5872668254.69438
1615,Inner Mongolia,4191264620.80858
1616,Inner Mongolia,5931201533.97829
1617,Inner Mongolia,5918775763.82341
1618,Inner Mongolia,5908087695.94265
1619,Inner Mongolia,5899129354.5486
1620,Inner Mongolia,5891894043.13334
1621,Inner Mongolia,5886376345.61101
1622,Inner Mongolia,5882572127.12132
1623,Inner Mongolia,5880478534.597
1624,Inner Mongolia,5880093997.10979
1625,Inner Mongolia,5881418226.06337
1626,Inner Mongolia,5884452215.22053
1627,Inner Mongolia,5869257358.62708
1687,Gansu,5806459454.39189
1688,Inner Mongolia,4322384797.7939
1689,Inner Mongolia,4615799429.57685
1690,Inner Mongolia,3178700383.81128
1691,Gansu,4394202106.98122
1692,Inner Mongolia,6010205250.86968
1693,Inner Mongolia,5989520980.10513
1694,Ningxia,3246242380.22612
1695,Inner Mongolia,5911636277.57667
1696,Inner Mongolia,5997710557.6782
1697,Inner Mongolia,6000141534.34228
1698,Shaanxi,3114329282.55931
1760,Gansu,5804511007.74962
1761,Gansu,5528753929.18712
1763,Inner Mongolia,3663313165.26447
1764,Inner Mongolia,6128641411.43588
1765,Inner Mongolia,5114647990.82407
1766,Ningxia,4502392001.55739
1767,Inner Mongolia,6112510690.13886
1768,Inner Mongolia,6115868934.17063
1769,Inner Mongolia,3257278455.15737
1770,Shaanxi,6120600053.72308
1835,Inner Mongolia,3859168968.79683
1836,Inner Mongolia,5478847437.06883
1837,Ningxia,3326384655.62377
1838,Ningxia,6235827974.95001
1839,Ningxia,3583997851.30771
1840,Inner Mongolia,4010909059.20931
1841,Shaanxi,5405810319.36646
1907,Gansu,6360233071.6371
1908,Gansu,4944420025.5513
1282,Jilin,3990695629.78103
1283,Jilin,5554489315.31775
1354,Liaoning,5539086278.59968
1355,Jilin,4518000797.9925
1423,Liaoning,5709792961.01152
1424,Liaoning,5734260123.36488
1425,Liaoning,5760365130.76236
1426,Liaoning,5788123655.87789
1427,Liaoning,3131307557.24788
1493,Liaoning,5786946542.64116
1494,Liaoning,5792008129.1114
1495,Liaoning,5633271502.44897
1496,Liaoning,5858493421.22825
1497,Liaoning,5885750982.46261
1498,Liaoning,5914741036.02763
1499,Liaoning,5049277792.87961
1500,Jilin,3708708114.81008
1566,Liaoning,2345744164.58161
1567,Liaoning,601744111.765211
1568,Liaoning,5858648417.85436
1569,Liaoning,6012232308.69256
1570,Liaoning,5657172544.26931
1571,Liaoning,2270140787.69682
1638,Liaoning,23110148.1678361
1639,Liaoning,3343958260.58229
1640,Liaoning,5839830515.12277
1641,Liaoning,3922336749.08021
1642,Liaoning,1351040769.21849
1710,Liaoning,173794509.73434
1711,Liaoning,3534490217.62867
1712,Liaoning,776763308.110732
1713,Liaoning,6852537.87708476
1782,Liaoning,118428998.366359
1783,Liaoning,72429158.0824777
922,Heilongjiang,4928175912.84602
994,Heilongjiang,4388215922.62635
995,Heilongjiang,5055104352.43553
1065,Jilin,5152445169.60735
1066,Jilin,4917854981.13211
1067,Jilin,4726858188.10894
1068,Jilin,2766831007.22818
1069,Heilongjiang,4306642791.24705
1138,Jilin,5294489000.51206
1139,Jilin,5319078569.77571
1140,Jilin,5345054592.46078
1141,Jilin,3956206797.53913
1142,Heilongjiang,4602342928.71715
1143,Heilongjiang,5423239910.98805
1210,Jilin,5415836056.79773
1211,Jilin,5441574289.96997
1212,Jilin,5468769751.85506
1213,Jilin,5497726729.96425
1214,Jilin,5005253034.53909
1215,Heilongjiang,4044974687.13994
1216,Jilin,2860493033.96486
1217,Heilongjiang,4982661105.77123
1284,Jilin,5593986087.58948
1285,Jilin,5623989679.30636
1286,Jilin,5655553391.76461
1287,Jilin,5587466968.13199
1288,Jilin,5530384522.36016
1289,Jilin,5112204993.12381
1290,Jilin,101911159.62526
1356,Jilin,5720641382.12572
1357,Jilin,5752030120.94885
1358,Jilin,5785059320.07754
1359,Jilin,5598680247.5469
1360,Jilin,1902618352.80744
1361,Jilin,995945399.102585
1428,Jilin,5791822462.17116
1429,Jilin,5260794004.97524
1430,Jilin,4411692393.18151
1431,Jilin,1387079664.31907
1501,Jilin,446288178.099711
1502,Jilin,1160040177.53266
1572,Jilin,50937058.7967239
56,Heilongjiang,2308179671.1857
57,Heilongjiang,2642610920.57918
58,Heilongjiang,909614647.754097
59,Heilongjiang,174804170.395842
128,Heilongjiang,3745755766.09334
129,Heilongjiang,3756835418.85431
130,Heilongjiang,3765480888.58956
131,Heilongjiang,3419121006.43916
132,Heilongjiang,426293058.773079
201,Heilongjiang,3853672456.14502
202,Heilongjiang,3866031866.60284
203,Heilongjiang,3879091700.90255
204,Heilongjiang,2274118323.71144
273,Heilongjiang,3952318825.44977
274,Heilongjiang,3965450811.36384
276,Heilongjiang,3554387187.97732
277,Heilongjiang,83991061.467744
349,Heilongjiang,1011365456.03106
421,Heilongjiang,2810717888.34122
492,Heilongjiang,4306969844.30085
493,Heilongjiang,3924669368.67911
494,Heilongjiang,2463387.45878276
564,Heilongjiang,4415185836.32536
565,Heilongjiang,4433815427.79485
566,Heilongjiang,3220358290.96704
567,Heilongjiang,2160372975.76908
568,Heilongjiang,462186001.593169
636,Heilongjiang,4525246852.51171
637,Heilongjiang,4544822781.98778
638,Heilongjiang,4565373126.17709
639,Heilongjiang,4586901386.97283
640,Heilongjiang,3811074520.19263
641,Heilongjiang,804875063.661569
707,Heilongjiang,4617593401.06077
708,Heilongjiang,4637131819.16457
709,Heilongjiang,4657694111.39917
710,Heilongjiang,4679284674.77096
711,Heilongjiang,4701907884.07065
712,Heilongjiang,4725568053.6504
713,Heilongjiang,2295512228.24453
715,Heilongjiang,26734361.6570046
716,Heilongjiang,1295539719.11971
717,Heilongjiang,2607738600.4906
718,Heilongjiang,120596643.231025
778,Heilongjiang,4710869392.49761
779,Heilongjiang,4730305526.54826
780,Heilongjiang,4750815795.77446
781,Heilongjiang,4772405471.58379
782,Heilongjiang,4795079878.54498
783,Heilongjiang,4818844357.71673
784,Heilongjiang,4843704226.99215
785,Heilongjiang,4087422458.63972
786,Heilongjiang,2664408782.49321
787,Heilongjiang,3548446458.04593
788,Heilongjiang,4954200658.84354
789,Heilongjiang,3961352363.41143
850,Heilongjiang,4824358081.04196
851,Heilongjiang,4844748293.74631
852,Heilongjiang,4866269794.8624
853,Heilongjiang,4888928832.51852
854,Heilongjiang,4912731753.48695
855,Heilongjiang,4937684965.40042
856,Heilongjiang,4963794895.77247
857,Heilongjiang,4991067947.6336
858,Heilongjiang,5019510451.58479
859,Heilongjiang,5049128614.0435
860,Heilongjiang,5079928461.48603
861,Heilongjiang,1324638658.54762
923,Heilongjiang,4960887657.80984
924,Heilongjiang,4983460602.15512
925,Heilongjiang,5007231891.55231
926,Heilongjiang,5032208996.30446
927,Heilongjiang,5058399498.1419
928,Heilongjiang,5085811048.08193
929,Heilongjiang,5114451320.67286
930,Heilongjiang,5144327964.41092
931,Heilongjiang,5175448548.06081
932,Heilongjiang,5066872662.18513
933,Heilongjiang,161414408.542768
996,Heilongjiang,5102350597.93006
997,Heilongjiang,5127277887.0873
998,Heilongjiang,5153475789.93682
999,Heilongjiang,5180953177.33827
1000,Heilongjiang,5209719045.81222
1001,Heilongjiang,5239782470.59025
1002,Heilongjiang,5271152554.57088
1003,Heilongjiang,5303838372.90436
1004,Heilongjiang,3088816457.37925
1070,Heilongjiang,5276491610.21618
1071,Heilongjiang,5305306452.2119
1072,Heilongjiang,5335480412.3217
1073,Heilongjiang,5282309110.16971
1074,Heilongjiang,3139878066.5091
1075,Heilongjiang,3070979358.33987
1076,Heilongjiang,523303646.934711
1144,Heilongjiang,5463051621.13394
1145,Heilongjiang,5066853955.32368
1146,Heilongjiang,43151934.9636764
1218,Heilongjiang,209753036.589704
2430,Jiangsu,6271392588.28923
2431,Jiangsu,2098282866.79679
2502,Jiangsu,4443053877.9158
2503,Shanghai,3519457386.77904
2574,Zhejiang,5417994470.01496
2575,Zhejiang,1244723703.81287
2137,Shandong,4928587337.60582
2138,Shandong,5740163982.30246
2139,Shandong,6182203738.77242
2140,Jiangsu,3246398226.99392
2141,Jiangsu,128412057.496359
2209,Henan,4049013219.74535
2210,Anhui,3375274066.64235
2211,Jiangsu,6580891257.61619
2212,Jiangsu,7006753735.98041
2213,Jiangsu,5896121350.74521
2214,Jiangsu,140815239.565651
2283,Jiangsu,4053931215.94485
2284,Jiangsu,7132102823.14417
2285,Jiangsu,7163561227.93113
2286,Jiangsu,1973869417.08303
2355,Anhui,6230641516.72752
2356,Jiangsu,5051661663.34128
2357,Jiangsu,7289786842.61336
2358,Jiangsu,4996985730.84784
2359,Jiangsu,132969048.614533
2427,Anhui,6682190832.47138
2428,Jiangsu,6822813341.06736
2429,Jiangsu,7368200580.58708
2500,Anhui,5495005539.2273
2501,Jiangsu,4422182342.48047
2572,Anhui,4712302760.34914
2573,Zhejiang,7609934053.74958
2576,Zhejiang,236852945.702467
2643,Anhui,4428138563.06942
2644,Zhejiang,7085765689.02918
2645,Zhejiang,7789565805.31312
2646,Zhejiang,7829930136.6349
2647,Zhejiang,5029102219.89887
2648,Zhejiang,83850158.110774
2715,Jiangxi,5308086785.96338
2716,Zhejiang,7874068017.25385
2717,Zhejiang,7912486451.99068
2718,Zhejiang,7954148298.87044
2719,Zhejiang,2593933347.51253
2787,Fujian,4456702526.47083
2788,Zhejiang,6296698941.07802
2789,Zhejiang,7947668303.05013
2790,Zhejiang,5018209605.9204
2791,Zhejiang,511709412.864419
2860,Fujian,7213051550.85779
2861,Fujian,5452311431.51044
2862,Zhejiang,890337390.817122
2208,Henan,6098256569.76335
2279,Henan,6925701784.23649
2280,Anhui,3958744838.05741
2281,Anhui,6932935410.9552
2282,Anhui,7076920621.6169
2351,Henan,7054028893.37704
2352,Anhui,4151045695.76985
2353,Anhui,7147600297.02321
2354,Anhui,7200063322.57105
2424,Henan,6136380010.97192
2425,Anhui,7128776316.68124
2426,Anhui,7322793568.12726
2496,Hubei,5462568076.17694
2497,Anhui,7184786732.44885
2498,Anhui,7444972847.10177
2499,Anhui,7474120373.58175
2568,Hubei,7348086176.59053
2569,Anhui,6666822829.06968
2570,Anhui,7549050555.95667
2571,Anhui,7596574629.64428
2641,Jiangxi,6285060203.89056
2642,Jiangxi,5372781162.51526
2786,Jiangxi,6383082466.22408
2857,Jiangxi,7652874116.09257
2858,Fujian,6088066957.57857
2859,Fujian,8076568928.72456
2929,Jiangxi,5570295230.48357
2930,Fujian,8158271965.10593
2931,Fujian,8193335600.20861
2932,Fujian,8231854232.7945
2933,Fujian,2209395891.80326
3000,Jiangxi,8203063243.92776
3001,Fujian,6450463533.51417
3002,Fujian,8272427807.64768
3003,Fujian,8308490025.75477
3004,Fujian,7285267067.55163
3005,Fujian,1032791188.85663
3072,Jiangxi,4955267852.0299
3073,Fujian,4243801789.34505
3074,Fujian,8275335467.77099
3075,Fujian,7166599824.42941
3076,Fujian,1771733564.91592
3077,Fujian,11637820.5789005
3146,Fujian,5130952356.14592
3147,Fujian,1341400519.84193
2638,Hubei,4965876523.49711
2639,Hubei,6030334828.5273
2640,Jiangxi,5100361924.79477
2710,Hunan,6928747275.54675
2711,Jiangxi,7450757874.11538
2712,Jiangxi,7751883936.90435
2713,Jiangxi,7777790322.68502
2714,Jiangxi,7806763950.66593
2782,Hunan,6079679108.12565
2783,Jiangxi,7587487775.21998
2784,Jiangxi,7868715368.37893
2785,Jiangxi,7895416178.38981
2854,Hunan,5106149092.19254
2855,Jiangxi,7959970429.4777
2856,Jiangxi,7984244146.30618
2926,Hunan,7261767821.9357
2927,Jiangxi,7934817997.14771
2928,Jiangxi,8098315965.48695
2998,Hunan,5329643872.5404
2999,Jiangxi,7169663565.18753
3071,Guangdong,4347739509.36328
1852,Shandong,2701070589.57333
1853,Shandong,369347106.71606
1854,Shandong,2680940608.56774
1855,Shandong,382056692.980271
1856,Shandong,4109173.2122095
1922,Shandong,6459577220.56312
1923,Shandong,6481465075.37641
1924,Shandong,4851873184.04917
1925,Shandong,5266386399.55317
1926,Shandong,6559880295.47666
1927,Shandong,5237621314.86093
1928,Shandong,1780348731.1878
1993,Shandong,6447708663.30712
1994,Shandong,6582851114.147
1995,Shandong,6605589413.55028
1996,Shandong,6630523972.17094
1997,Shandong,6093941175.37665
1998,Shandong,2697389596.14856
1999,Shandong,3971758.55127504
2063,Henan,6642827669.92637
2064,Shandong,3586407344.82138
2065,Shandong,6628761253.09809
2066,Shandong,6706341520.78053
2067,Shandong,6729948285.09516
2068,Shandong,6734188179.58162
2069,Shandong,2470011286.72675
2135,Henan,6449575396.71893
2136,Shandong,4754450658.50763
2134,Henan,6755237723.15924
2202,Shaanxi,6645118120.38715
2203,Henan,6247910329.3546
2204,Henan,6851582974.37747
2205,Henan,6862657365.56015
2206,Henan,6876075436.91314
2207,Henan,6891851116.71914
2275,Henan,3059895655.35772
2276,Henan,6971355650.55084
2277,Henan,6982823725.50748
2278,Henan,6996719681.30112
2347,Hubei,6807320244.68408
2348,Henan,4687879138.31861
2349,Henan,6161575183.55396
2350,Henan,6673974875.78697
2422,Hubei,5707452961.01532
2423,Henan,5841521086.65784
2495,Hubei,7288999015.30998
2273,Shaanxi,6818261459.93594
2274,Shaanxi,5471924672.09665
2345,Shaanxi,6893356047.01557
2346,Hubei,5065068003.79956
2417,Shaanxi,3757448171.27548
2418,Hubei,6805043571.15309
2419,Hubei,7200083768.35738
2420,Hubei,7209770294.94074
2421,Hubei,7222042820.94041
2490,Chongqing,3802203418.53946
2491,Hubei,7318139426.32431
2492,Hubei,7328148833.98392
2493,Hubei,7340831087.75237
2494,Hubei,7356201194.8322
2560,Chongqing,6286805754.99961
2561,Hubei,5843569750.59528
2562,Hubei,7402309515.23711
2563,Hubei,6649232971.52908
2564,Hubei,7445793406.60575
2565,Hubei,7458889625.56994
2566,Hubei,7474762429.41284
2567,Hubei,7493431192.31096
2632,Chongqing,7078097550.04815
2633,Hubei,5145889045.56129
2634,Hunan,5129221683.12243
2635,Hunan,7318308899.90679
2636,Hunan,6069802832.17011
2637,Hunan,3979033731.38904
2705,Chongqing,4630946709.7619
2706,Hunan,7659249597.33966
2707,Hunan,7667321313.38933
2708,Hunan,7678317240.80838
2709,Hunan,7692251555.91283
2777,Guizhou,4791834321.14239
2778,Hunan,7773262890.40636
2779,Hunan,7781578766.76037
2780,Hunan,7792907738.19768
2781,Hunan,7807264806.91382
2849,Guizhou,4959174281.99193
2850,Hunan,7885963286.91004
2851,Hunan,7894524148.62793
2852,Hunan,7906187308.63751
2853,Hunan,7920968615.58689
2921,Guizhou,6239122580.37258
2922,Hunan,7321152891.80835
2923,Hunan,5555782960.4864
2924,Hunan,8018005827.11212
2925,Hunan,8033212068.89942
2993,Guangxi,5531048252.21894
2994,Guangxi,7917035755.71742
2995,Guangxi,6989433037.41245
2996,Hunan,8058505337.73295
2997,Hunan,7546661424.07248
3067,Guangxi,7533497596.13653
3068,Hunan,3589477023.15383
3069,Guangdong,7170333265.33325
3070,Guangdong,8272172842.46269
3140,Guangdong,4487000654.92258
3141,Guangdong,8359647112.09129
3142,Guangdong,8379626834.59675
3143,Guangdong,8403139417.79535
3144,Guangdong,8430220187.90179
3145,Guangdong,8460909952.50505
3211,Guangxi,8110168012.06244
3212,Guangdong,8359901903.29357
3213,Guangdong,8464510543.85306
3214,Guangdong,8182595227.7735
3215,Guangdong,8370947457.33818
3216,Guangdong,7744121364.58353
3217,Guangdong,5668153051.30287
3218,Guangdong,218345361.536545
3282,Guangxi,8084522544.51831
3283,Guangdong,6588977151.51913
3284,Guangdong,8549828973.79974
3285,Guangdong,7852906337.16039
3286,Guangdong,3324302307.39868
3287,Guangdong,1229519071.14276
3288,Guangdong,117392968.401057
3354,Guangdong,5868341831.25348
3355,Guangdong,5229886277.37629
3356,Guangdong,2412304203.79005
3357,Guangdong,750690795.962047
3358,Guangdong,5001601.36538848
3426,Guangdong,5112545338.48819
3427,Guangdong,121532583.933116
2990,Guizhou,8102479619.5374
2991,Guizhou,6335518883.26726
2992,Guizhou,6425877947.80833
3060,Yunnan,3808620355.1839
3061,Guangxi,4538820439.90562
3062,Guangxi,6304053401.25285
3063,Guangxi,8184575015.64057
3064,Guangxi,8104104192.83214
3065,Guangxi,8208749106.08335
3066,Guangxi,8214688648.37995
3132,Yunnan,8294152715.29401
3133,Yunnan,5544506284.07746
3134,Guangxi,7534826010.82819
3135,Guangxi,8312649936.3237
3136,Guangxi,8311877731.94768
3137,Guangxi,8314537146.32337
3138,Guangxi,8320632138.20095
3139,Guangxi,8330171785.21623
3205,Guangxi,2063220101.69208
3206,Guangxi,6586508710.94417
3207,Guangxi,8416320128.29241
3208,Guangxi,8415528376.20418
3209,Guangxi,8418255119.37097
3210,Guangxi,8424504503.32189
3278,Guangxi,1846276045.1496
3279,Guangxi,8444243209.34456
3280,Guangxi,8515818744.67892
3281,Guangxi,8519749740.05975
3351,Guangxi,1840968688.38882
3352,Guangxi,2568288556.31718
3353,Guangxi,3501635154.47009
3425,Guangxi,1118830.59114332
3497,Hainan,2729244689.41527
3498,Hainan,6247938469.09156
3499,Hainan,3064579824.77487
3568,Hainan,212796488.25207
3569,Hainan,8819212619.28554
3570,Hainan,8317696438.58577
3571,Hainan,541085024.471728
3641,Hainan,1939548244.11687
3642,Hainan,1015149554.69241
2416,Sichuan,4533658304.11244
2487,Sichuan,6954568341.16991
2488,Chongqing,5331572060.06363
2489,Chongqing,7306094956.8066
2557,Sichuan,5931444335.11935
2558,Sichuan,5089497867.32915
2559,Chongqing,4332704310.75186
2629,Chongqing,4180157969.53929
2630,Chongqing,7540970163.54561
2631,Chongqing,7522875946.53065
2701,Sichuan,6078441736.892
2702,Chongqing,4751637702.29759
2703,Guizhou,5683267997.807
2704,Guizhou,4475829099.49359
2776,Guizhou,7698119939.56791
2188,Qinghai,5612982740.05966
2189,Qinghai,5190328728.42576
2193,Gansu,4040142104.85973
2194,Gansu,3788005351.60112
2195,Gansu,6842687101.86137
2260,Qinghai,4105976551.40425
2261,Sichuan,6357370086.02431
2262,Qinghai,6806327496.88115
2263,Qinghai,7040239942.51909
2264,Qinghai,5854873652.3967
2265,Gansu,3479805822.00634
2266,Sichuan,6914624792.31165
2267,Sichuan,6119314483.12724
2268,Gansu,6457680824.89394
2332,Qinghai,3321867694.45328
2333,Sichuan,6763490228.5113
2334,Sichuan,6234373372.79231
2335,Sichuan,4746199296.18658
2336,Sichuan,4727668557.21565
2337,Sichuan,7124340623.08109
2338,Sichuan,7108823300.92173
2339,Sichuan,7095826206.54648
2340,Sichuan,4273800998.62566
2341,Sichuan,4444033011.91945
2342,Sichuan,3983070293.82663
2343,Shaanxi,5088225614.26782
2405,Tibet,4282353925.23231
2406,Sichuan,7308451249.1157
2407,Sichuan,7284458047.27136
2408,Sichuan,7263136656.61633
2409,Sichuan,7244462547.58443
2410,Sichuan,7228414257.29731
2411,Sichuan,7214973356.91682
2412,Sichuan,7204124423.41882
2413,Sichuan,7195855015.84702
2414,Sichuan,7190155656.07881
2415,Sichuan,7186427192.31021
2477,Tibet,6938659287.50077
2478,Sichuan,7275375499.08042
2479,Sichuan,7405341298.42851
2480,Sichuan,7383302143.30458
2481,Sichuan,7364001183.4385
2482,Sichuan,7347415524.89107
2483,Sichuan,7333525515.82007
2484,Sichuan,7322314713.76321
2485,Sichuan,7313769858.15396
2486,Sichuan,7307880848.07526
2550,Sichuan,6219820103.7952
2551,Sichuan,7525517044.10403
2552,Sichuan,7502752405.79039
2553,Sichuan,7482817943.23147
2554,Sichuan,7465689280.4722
2555,Sichuan,7451345499.52253
2556,Sichuan,7439769102.79971
2622,Sichuan,5691109737.00476
2623,Sichuan,7644841343.46244
2624,Sichuan,7621344596.54515
2625,Sichuan,7600770935.37249
2626,Sichuan,7583094452.73637
2627,Sichuan,7568292922.8364
2628,Sichuan,7556347758.53896
2694,Sichuan,4008941842.54619
2695,Sichuan,6983079755.74487
2696,Sichuan,7738932750.97809
2697,Sichuan,7717715216.42086
2698,Sichuan,7699486974.0181
2699,Sichuan,6738232426.15211
2700,Sichuan,7405403378.45428
2766,Yunnan,7572228520.37091
2767,Yunnan,4796544846.32616
2768,Sichuan,7359645233.66207
2769,Sichuan,7833503066.28781
2770,Sichuan,7805855061.65644
2771,Yunnan,5756526223.01076
2772,Yunnan,4127200485.48277
2773,Sichuan,5408099653.45848
2774,Guizhou,6603788235.40742
2840,Yunnan,4275227135.91854
2841,Sichuan,7948186466.22436
2842,Sichuan,5062384187.09542
2912,Yunnan,7818663998.32329
2913,Sichuan,6169939493.54272
2914,Yunnan,4681477090.485
2775,Guizhou,7766303678.73911
2843,Yunnan,5137000502.71419
2844,Guizhou,5485794873.38092
2845,Guizhou,7573712919.01396
2846,Guizhou,7882573317.798
2847,Guizhou,7878799266.14262
2848,Guizhou,7878106174.20749
2915,Yunnan,6745187100.35443
2916,Guizhou,5483735724.94746
2917,Guizhou,8000771319.84549
2918,Guizhou,7993714687.51498
2919,Guizhou,7989832606.95314
2920,Guizhou,7989119681.70654
2988,Guizhou,5531187380.58508
2989,Guizhou,8110496490.84264
2693,Tibet,6752614223.00076
2765,Yunnan,4183649805.48514
2837,Yunnan,686687130.991708
2838,Yunnan,8025181836.21319
2839,Yunnan,7996219958.95675
2909,Yunnan,658082370.165992
2910,Yunnan,8140444609.27417
2911,Yunnan,8110639522.58471
2980,Yunnan,29128446.1290148
2981,Yunnan,4368188016.11808
2982,Yunnan,8254094448.37524
2983,Yunnan,8223445954.09397
2984,Yunnan,8196232734.69324
2985,Yunnan,8172415588.06686
2986,Yunnan,8151960298.63254
2987,Yunnan,8134837551.07433
3052,Yunnan,2093113191.11317
3053,Yunnan,8401040527.80279
3054,Yunnan,8365971173.84551
3055,Yunnan,8334480788.49731
3056,Yunnan,8306522766.42836
3057,Yunnan,8282055866.91687
3058,Yunnan,8261044105.11281
3059,Yunnan,8243456657.27955
3124,Yunnan,1013130857.52348
3125,Yunnan,3140685444.01571
3126,Yunnan,8263158253.60217
3127,Yunnan,8443584378.67201
3128,Yunnan,8414884581.69625
3129,Yunnan,8389770654.43692
3130,Yunnan,8368204816.39471
3131,Yunnan,8350154713.34751
3198,Yunnan,4839437130.43176
3199,Yunnan,8550596305.8014
3200,Yunnan,8521159391.24564
3201,Yunnan,8495402580.46246
3202,Yunnan,8419564697.82665
3203,Yunnan,8193708119.64299
3204,Yunnan,6422637150.59496
3270,Yunnan,2847945725.95576
3271,Yunnan,8102512010.07742
3272,Yunnan,8625188112.76632
3273,Yunnan,3306135549.89896
3274,Yunnan,1035965965.32138
3275,Yunnan,550076645.379588
3276,Yunnan,22960131.1604097
3343,Yunnan,2472282649.22132
3344,Yunnan,4071057070.83761
3345,Yunnan,2032304984.34882
1959,Xinjiang,7047435452.00527
1960,Xinjiang,4639625225.56111
1961,Tibet,3722854757.75422
1962,Tibet,4071695319.90369
1963,Xinjiang,4976353153.94334
2025,Xinjiang,6912422064.02958
2026,Xinjiang,7026058996.44899
2027,Xinjiang,5140014180.04541
2028,Xinjiang,5023142912.84442
2029,Xinjiang,6159085996.12613
2030,Tibet,4135639262.06637
2031,Tibet,5167478065.70453
2032,Tibet,7224884832.77498
2033,Tibet,7170514895.15082
2034,Tibet,7118848470.94784
2035,Tibet,5598447557.30275
2096,Xinjiang,7700229940.18488
2097,Tibet,6979301981.95821
2098,Tibet,7697648007.81755
2099,Tibet,7694694836.4539
2100,Tibet,7624360919.34519
2101,Tibet,7555902338.46907
2102,Tibet,7490510780.54166
2103,Tibet,7428122632.74735
2104,Tibet,7368676930.18539
2105,Tibet,7312115354.79017
2106,Tibet,7258382228.40554
2107,Tibet,5889129354.30266
2108,Qinghai,7148657233.836
2167,Tibet,1435564238.35562
2168,Tibet,7342817933.38376
2169,Tibet,8012755222.53071
2170,Tibet,7931387697.31516
2171,Tibet,7853464405.01483
2172,Tibet,7778906757.18566
2173,Tibet,7707639170.95143
2174,Tibet,7639589075.68379
2175,Tibet,7574686910.59897
2176,Tibet,7512866114.7383
2177,Tibet,7454063110.61327
2178,Tibet,7398217282.67108
2179,Tibet,6876559186.79568
2180,Qinghai,7227398727.79815
2239,Tibet,1170037341.43676
2240,Tibet,7966519417.23255
2241,Tibet,8177413965.05767
2242,Tibet,8092663128.35104
2243,Tibet,8011533440.62697
2244,Tibet,7933938738.7791
2245,Tibet,7859796304.80903
2246,Tibet,7789026852.47139
2247,Tibet,7721554505.62566
2248,Tibet,7657306769.78999
2249,Tibet,7596214498.19705
2250,Tibet,7538211853.53244
2251,Tibet,7483236266.37317
2252,Qinghai,3736969508.13378
2253,Qinghai,6694601351.43956
2311,Tibet,1685534206.83473
2312,Tibet,6819818321.52514
2313,Tibet,8342620548.85912
2314,Tibet,8254405627.92503
2315,Tibet,8169995068.75767
2316,Tibet,8089294647.91118
2317,Tibet,8012214066.69417
2318,Tibet,7938666914.5702
2319,Tibet,7868570625.3074
2320,Tibet,7801846427.38096
2321,Tibet,7738419289.95843
2322,Tibet,7678217865.6265
2323,Tibet,7621174430.86533
2324,Tibet,7567224825.17861
2325,Tibet,7514138465.47865
2326,Tibet,5644219106.1548
2327,Tibet,3961823371.99654
2328,Qinghai,5144242322.37944
2329,Qinghai,5145785055.25133
2330,Qinghai,7289597598.45396
2383,Tibet,3280097406.42537
2384,Tibet,8604052964.66802
2385,Tibet,8508195269.45996
2386,Tibet,8416438661.45501
2387,Tibet,8328675858.28653
2388,Tibet,8244804079.75508
2389,Tibet,8164724992.10759
2390,Tibet,8088344644.69275
2391,Tibet,8015573400.71224
2392,Tibet,7946325863.55843
2393,Tibet,7880520800.04852
2394,Tibet,7818081061.70016
2395,Tibet,7758933505.02212
2396,Tibet,7703008911.68689
2397,Tibet,7650241909.32231
2398,Tibet,7600570893.54069
2399,Tibet,7553937951.78399
2400,Tibet,7510288789.41129
2401,Tibet,7462740820.79566
2402,Qinghai,4084597186.65904
2403,Qinghai,4266074468.77868
2404,Tibet,6724523322.8029
2455,Tibet,685039283.839419
2456,Tibet,5669772474.42499
2457,Tibet,8646764187.10142
2458,Tibet,8578576669.11875
2459,Tibet,8487393829.21147
2460,Tibet,8400288523.79256
2461,Tibet,8317153922.93799
2462,Tibet,8237888114.86392
2463,Tibet,8162394007.83591
2464,Tibet,8090579229.31708
2465,Tibet,8022356023.60136
2466,Tibet,7957641149.04086
2467,Tibet,7896355775.79506
2468,Tibet,7838425384.90093
2469,Tibet,7783779669.3627
2470,Tibet,7732352437.81549
2471,Tibet,7684081521.28111
2472,Tibet,7638908683.40239
2473,Tibet,7596779534.5285
2474,Tibet,7557643449.9056
2475,Tibet,7521453492.24741
2476,Tibet,7488166338.84802
2529,Tibet,2226020746.66429
2530,Tibet,5184288078.02176
2531,Tibet,6170053920.79172
2532,Tibet,8555561490.72204
2533,Tibet,8469318147.25637
2534,Tibet,8387118237.28526
2535,Tibet,8308856827.93822
2536,Tibet,8234434219.02083
2537,Tibet,8163755812.02805
2538,Tibet,8096731980.58222
2539,Tibet,8033277943.14904
2540,Tibet,7973313638.75539
2541,Tibet,7916763606.3323
2542,Tibet,7863556868.16566
2543,Tibet,7813626817.8931
2544,Tibet,7766911113.38044
2545,Tibet,7723351574.75565
2546,Tibet,7682894087.82999
2547,Tibet,7645488513.07854
2548,Tibet,7611088600.32554
2549,Tibet,7579651909.23232
2603,Tibet,32432388.0653245
2604,Tibet,3766645235.16375
2605,Tibet,7816084099.25767
2606,Tibet,8535848957.97117
2607,Tibet,8454779648.82648
2608,Tibet,8377712278.03726
2609,Tibet,8304545085.88928
2610,Tibet,8235181772.05346
2611,Tibet,8169531340.66664
2612,Tibet,8107507950.34009
2613,Tibet,8049030769.62948
2614,Tibet,7994023838.34929
2615,Tibet,7942415935.0848
2616,Tibet,7894140451.14463
2617,Tibet,7849135271.14442
2618,Tibet,7807342660.39062
2619,Tibet,7768709159.14538
2620,Tibet,7733185483.85852
2621,Tibet,7700726435.4173
2677,Tibet,723144199.241707
2678,Tibet,5984967895.22162
2679,Tibet,8599973908.8537
2680,Tibet,8520228851.1477
2681,Tibet,8444543086.71676
2682,Tibet,8372813356.37283
2683,Tibet,8304942191.80185
2684,Tibet,8240837737.42102
2685,Tibet,8180413579.77049
2686,Tibet,8123588584.7126
2687,Tibet,8070286742.67465
2688,Tibet,8020437022.06713
2689,Tibet,7973973230.99076
2690,Tibet,7930833887.27798
2691,Tibet,7890962096.89585
2692,Tibet,7550220446.34361
2750,Tibet,97204263.8352001
2751,Tibet,2034996149.88906
2752,Tibet,4149769763.79706
2753,Tibet,5686346781.86767
2754,Tibet,4397510156.23757
2755,Tibet,5038713314.82168
2756,Tibet,2527273616.38003
2757,Tibet,4306682570.8546
2758,Tibet,8227121117.70957
2759,Tibet,8197073176.27187
2760,Tibet,8145637393.14252
2761,Tibet,6413739094.30677
2762,Tibet,2090775446.07787
2763,Tibet,3407406527.09356
2764,Tibet,2325771412.84893
2826,Tibet,273701246.015692
2827,Tibet,677157532.976878
2830,Tibet,4131331125.64626
2831,Tibet,7140858331.41674
2832,Tibet,4192793292.16895
2833,Tibet,3353342.36787509
1842,Shaanxi,6239267921.57006
1911,Shaanxi,2922054663.99956
1912,Shaanxi,6303394591.48852
1913,Shaanxi,6354971316.63587
1984,Gansu,4881374443.85551
1985,Shaanxi,6470719319.47208
2055,Gansu,6541837803.35092
2056,Gansu,5563336018.33107
2057,Shaanxi,6593606441.91236
2126,Gansu,4310072060.07597
2127,Shaanxi,4114498848.84912
2128,Shaanxi,6661256077.92757
2129,Shaanxi,6713011227.50033
2198,Gansu,4094817787.35844
2199,Shaanxi,6831048512.51162
2200,Shaanxi,6830528608.49645
2201,Shaanxi,6832319045.24664
2269,Gansu,6126230483.14548
2270,Shaanxi,5846265405.73074
2271,Shaanxi,6950092956.57601
2272,Shaanxi,6949554644.21216
2344,Shaanxi,7072695312.22752
1322,Xinjiang,5314064997.53253
1323,Gansu,3860512549.87833
1393,Xinjiang,5224866404.77254
1394,Xinjiang,3921350545.06284
1395,Gansu,5623027094.47888
1464,Xinjiang,4698174873.50458
1465,Gansu,5341162967.6253
1466,Gansu,5788131243.64996
1467,Gansu,5775472429.39357
1535,Xinjiang,4139476676.30059
1536,Gansu,4999430227.83628
1537,Gansu,5943239415.23898
1538,Gansu,5919335549.3771
1539,Gansu,5897182598.21277
1540,Gansu,5876765224.48007
1607,Gansu,4642974778.96485
1608,Gansu,6094542455.80356
1609,Gansu,6067775223.13558
1610,Gansu,6042855230.2916
1611,Gansu,6019764381.82767
1612,Gansu,5998485827.2953
1613,Gansu,5979003969.45913
1678,Xinjiang,4926549016.06392
1679,Gansu,4103381066.58711
1680,Gansu,5953417146.74864
1681,Gansu,6193148352.88862
1682,Gansu,6167183870.93851
1683,Gansu,5964605888.49009
1684,Gansu,4057131439.31941
1685,Gansu,5219013428.88666
1686,Gansu,5669091701.7629
1752,Qinghai,5763626144.98831
1753,Gansu,3622492325.45455
1754,Gansu,4911194766.56919
1755,Gansu,4393120882.24536
1756,Qinghai,6212002498.22189
1757,Qinghai,6169113988.61547
1758,Qinghai,5037194699.6153
1759,Gansu,4429645657.68274
1762,Gansu,6146172966.02741
1827,Qinghai,6391728805.41018
1832,Qinghai,4774264726.52099
1833,Gansu,4579190508.74382
1834,Gansu,6265974870.79994
1905,Qinghai,6257853788.82552
1906,Gansu,5522413595.85383
1909,Ningxia,5966534046.5685
1910,Ningxia,5247195765.16302
1978,Gansu,3351070937.06021
1979,Gansu,6495715937.7432
1980,Gansu,6486933705.65464
1981,Ningxia,4549410618.77881
1982,Ningxia,4476892094.12481
1983,Gansu,6420347208.9832
2049,Qinghai,6467968898.69862
2050,Gansu,4741844658.91622
2051,Gansu,6615907119.48521
2052,Gansu,6606794897.16554
2053,Gansu,4396507746.99345
2054,Ningxia,4091422345.2528
2121,Qinghai,4350157018.51382
2122,Gansu,6748009039.50535
2123,Gansu,6736133971.53015
2124,Gansu,6726685498.28927
2125,Gansu,6719482275.96712
2192,Qinghai,3708638492.15284
2196,Gansu,6846487653.34441
2197,Gansu,6839023897.72257
1748,Xinjiang,4586724747.12697
1749,Qinghai,5446462609.74867
1750,Qinghai,6409712610.54088
1751,Qinghai,6379405304.72599
1820,Xinjiang,5636389933.40688
1821,Qinghai,6169511670.98258
1822,Qinghai,6543149876.0733
1823,Qinghai,6508629137.98662
1824,Qinghai,6476262812.58967
1825,Qinghai,6446023848.29885
1826,Qinghai,6417886880.03025
1828,Qinghai,6367825903.68527
1829,Qinghai,6345859593.42797
1830,Qinghai,6325910669.67155
1831,Qinghai,6307962180.34717
1892,Xinjiang,6749587359.10365
1893,Qinghai,4177200434.95479
1894,Qinghai,6674377124.15993
1895,Qinghai,6638452776.11353
1896,Qinghai,6604777450.58287
1897,Qinghai,6573321653.38717
1898,Qinghai,6544057754.75589
1899,Qinghai,6516959984.32029
1900,Qinghai,6492004425.07871
1901,Qinghai,6469169006.66334
1902,Qinghai,6448433498.16717
1903,Qinghai,6429779500.7856
1904,Qinghai,6413190440.48719
1964,Xinjiang,5358737004.23428
1965,Qinghai,5125232754.5618
1966,Qinghai,6806126375.10144
1967,Qinghai,6768764487.1373
1968,Qinghai,6733748942.38954
1969,Qinghai,6701047659.94435
1970,Qinghai,6670630613.65949
1971,Qinghai,6642469821.1948
1972,Qinghai,6616539332.42091
1973,Qinghai,6592815217.5322
1974,Qinghai,6571275555.12825
1975,Qinghai,6551900420.51657
1976,Qinghai,6534671874.43087
1977,Qinghai,6519573952.3741
2036,Qinghai,7023433792.36947
2037,Qinghai,6979595191.33259
2038,Qinghai,6938279391.69619
2039,Qinghai,6899447011.98961
2040,Qinghai,6863060962.33307
2041,Qinghai,6829086428.08084
2042,Qinghai,6797490852.58215
2043,Qinghai,6768243919.46085
2044,Qinghai,6741317534.76259
2045,Qinghai,6716685809.2636
2046,Qinghai,6694325041.23158
2047,Qinghai,6674213699.85452
2048,Qinghai,6656332409.55427
2109,Qinghai,7113636086.60732
2110,Qinghai,7070712283.922
2111,Qinghai,7030377604.5867
2112,Qinghai,6992591851.05329
2113,Qinghai,6957317325.60689
2114,Qinghai,6924518804.98034
2115,Qinghai,6894163515.05969
2116,Qinghai,6866221105.99761
2117,Qinghai,6840663628.04821
2118,Qinghai,6817465508.3748
2119,Qinghai,6796603529.06128
2120,Qinghai,6778056806.52183
2181,Qinghai,7247860568.07312
2182,Qinghai,7203295566.29783
2183,Qinghai,7161428095.44992
2184,Qinghai,7122214684.69307
2185,Qinghai,7085614602.15482
2186,Qinghai,7051589820.43643
2187,Qinghai,7020104982.84347
2190,Qinghai,6940575951.11537
2191,Qinghai,6918949622.05784
2254,Qinghai,7335894240.63952
2255,Qinghai,7292464980.12275
2256,Qinghai,7251797368.31522
2257,Qinghai,7213847487.02284
2258,Qinghai,7178574366.3903
2259,Qinghai,7145939941.73096
2331,Qinghai,7271535383.52154
521,Xinjiang,9560557.24802883
592,Xinjiang,1876737557.33873
593,Xinjiang,3491187181.55768
663,Xinjiang,2446425264.95769
664,Xinjiang,4459723925.28627
665,Xinjiang,4685611573.84999
666,Xinjiang,2835397578.05375
667,Xinjiang,238210180.915651
735,Xinjiang,3401156156.41821
736,Xinjiang,4829897911.49433
737,Xinjiang,4805641052.31066
738,Xinjiang,4782476664.27555
739,Xinjiang,4585635565.27866
740,Xinjiang,1968984444.51634
804,Xinjiang,2210783242.17464
805,Xinjiang,1898318995.09696
806,Xinjiang,1805294627.03825
807,Xinjiang,4156005228.91192
808,Xinjiang,4949293514.21257
809,Xinjiang,4923820458.22975
810,Xinjiang,4899500586.32972
811,Xinjiang,4876327476.66124
812,Xinjiang,4352096903.49174
813,Xinjiang,354061953.447826
875,Xinjiang,164818549.970031
876,Xinjiang,4848684165.85887
877,Xinjiang,5158180950.46006
878,Xinjiang,5127745339.05589
879,Xinjiang,5098549518.73333
880,Xinjiang,5070585869.98916
881,Xinjiang,5043846723.62462
882,Xinjiang,5018324412.14415
883,Xinjiang,4994011317.20751
884,Xinjiang,4970899913.36352
885,Xinjiang,1314157583.04555
947,Xinjiang,1704720205.62835
948,Xinjiang,5318982047.1081
949,Xinjiang,5285701076.04298
950,Xinjiang,5253739899.17069
951,Xinjiang,5223089473.14157
952,Xinjiang,5193740700.4196
953,Xinjiang,5165684486.74819
954,Xinjiang,5138911794.12761
955,Xinjiang,5113413689.58095
956,Xinjiang,4955510141.54403
957,Xinjiang,485570007.9706
1016,Xinjiang,14314323.6900917
1017,Xinjiang,1784940373.06355
1018,Xinjiang,3192101250.8806
1019,Xinjiang,3479025772.20579
1020,Xinjiang,5450165713.21885
1021,Xinjiang,5415220747.47727
1022,Xinjiang,5381671780.67333
1023,Xinjiang,5349508081.8044
1024,Xinjiang,5318718925.2006
1025,Xinjiang,5289293649.6436
1026,Xinjiang,5261221712.69973
1027,Xinjiang,5234492740.55661
1028,Xinjiang,5191537154.66321
1029,Xinjiang,2628525139.45458
1030,Xinjiang,1536777610.69128
1031,Xinjiang,1219633285.40727
1032,Xinjiang,190371804.243278
1088,Xinjiang,155756.258853808
1089,Xinjiang,3245737768.293
1090,Xinjiang,5661206798.03196
1091,Xinjiang,5621540645.54828
1092,Xinjiang,5583375677.5064
1093,Xinjiang,5546699360.75665
1094,Xinjiang,5511499098.45422
1095,Xinjiang,5477762301.91433
1096,Xinjiang,5445476456.60442
1097,Xinjiang,5414629182.64663
1098,Xinjiang,5385208290.20715
1099,Xinjiang,5357201830.13056
1100,Xinjiang,5330598140.14892
1101,Xinjiang,5305385886.99082
1102,Xinjiang,5281554104.67695
1103,Xinjiang,5259092229.30522
1104,Xinjiang,4560480913.60457
1105,Xinjiang,1208120592.64104
1106,Xinjiang,90598647.9017184
1161,Xinjiang,2114437244.31234
1162,Xinjiang,5800259018.87297
1163,Xinjiang,5758618329.48879
1164,Xinjiang,5718567174.98681
1165,Xinjiang,5680090828.964
1166,Xinjiang,5643174577.22239
1167,Xinjiang,5607803791.42028
1168,Xinjiang,5573963996.43938
1169,Xinjiang,5541640931.91704
1170,Xinjiang,5510820608.35625
1171,Xinjiang,5481489358.20813
1172,Xinjiang,5453633882.3095
1173,Xinjiang,5427241292.01891
1174,Xinjiang,5402299147.39209
1175,Xinjiang,5378795491.69619
1176,Xinjiang,5356718882.56527
1177,Xinjiang,5336058420.0566
1178,Xinjiang,1863410230.71906
1233,Xinjiang,1268373642.26975
1234,Xinjiang,5941395145.75338
1235,Xinjiang,5897701166.29215
1236,Xinjiang,5855689611.91562
1237,Xinjiang,5815343344.86711
1238,Xinjiang,5776645327.59919
1239,Xinjiang,5739578697.79226
1240,Xinjiang,5704126836.6798
1241,Xinjiang,5670273431.18328
1242,Xinjiang,5638002530.33453
1243,Xinjiang,5607298596.40195
1244,Xinjiang,5578146551.16234
1245,Xinjiang,5550531817.6882
1246,Xinjiang,5524440358.02778
1247,Xinjiang,5499858707.11168
1248,Xinjiang,5476774003.20469
1249,Xinjiang,5455174015.19671
1250,Xinjiang,4360119744.29706
1251,Xinjiang,134750916.628361
1305,Xinjiang,3965395476.37274
1306,Xinjiang,6084561127.56157
1307,Xinjiang,6038733715.81783
1308,Xinjiang,5994686316.25596
1309,Xinjiang,5952399146.56449
1310,Xinjiang,5911852625.99254
1311,Xinjiang,5873027451.21352
1312,Xinjiang,5835904665.10339
1313,Xinjiang,5800465718.98926
1314,Xinjiang,5766692528.87871
1315,Xinjiang,5734567526.16957
1316,Xinjiang,5704073703.29245
1317,Xinjiang,5675194654.71242
1318,Xinjiang,5647914613.6934
1319,Xinjiang,5622218485.19592
1320,Xinjiang,5598091875.2433
1321,Xinjiang,5575521117.09524
1375,Xinjiang,93498617.8048575
1376,Xinjiang,2402792196.69994
1377,Xinjiang,5728321075.78025
1378,Xinjiang,6229696298.94257
1379,Xinjiang,6181654070.45991
1380,Xinjiang,6135494291.91958
1381,Xinjiang,6091194287.69156
1382,Xinjiang,6048731699.71915
1383,Xinjiang,6008084563.62222
1384,Xinjiang,5969231377.324
1385,Xinjiang,5932151162.8133
1386,Xinjiang,5896823521.63027
1387,Xinjiang,5863228684.5985
1388,Xinjiang,5831347556.31085
1389,Xinjiang,5801161754.84799
1390,Xinjiang,5772653647.14032
1391,Xinjiang,5745806380.40458
1392,Xinjiang,5720603909.99712
1445,Xinjiang,548988769.719009
1446,Xinjiang,1583695909.53176
1447,Xinjiang,5477756426.39646
1448,Xinjiang,6483486846.0562
1449,Xinjiang,6429088695.57917
1450,Xinjiang,6376733102.91505
1451,Xinjiang,6326393596.9304
1452,Xinjiang,6278043978.45689
1453,Xinjiang,6231658413.81389
1454,Xinjiang,6187211518.97621
1455,Xinjiang,6144678435.18886
1456,Xinjiang,6104034896.73477
1457,Xinjiang,6065257291.53033
1458,Xinjiang,6028322715.20564
1459,Xinjiang,5993209019.22395
1460,Xinjiang,5959894853.6164
1461,Xinjiang,5928359704.83035
1462,Xinjiang,5898583929.15698
1463,Xinjiang,5870548782.18104
1515,Xinjiang,1877368679.0803
1516,Xinjiang,1768684125.68248
1517,Xinjiang,5176368533.4673
1518,Xinjiang,6758103523.30729
1519,Xinjiang,6696671929.86999
1520,Xinjiang,6637464070.38606
1521,Xinjiang,6580449210.39683
1522,Xinjiang,6525596819.01671
1523,Xinjiang,6472876684.48244
1524,Xinjiang,6422259017.98875
1525,Xinjiang,6373714546.77037
1526,Xinjiang,6327214597.35773
1527,Xinjiang,6282731169.8425
1528,Xinjiang,6240237003.96584
1529,Xinjiang,6199705637.7632
1530,Xinjiang,6161111459.47396
1531,Xinjiang,6124429753.332
1532,Xinjiang,6089636739.86107
1533,Xinjiang,6056709611.20612
1534,Xinjiang,6025626562.00985
1586,Xinjiang,4123891280.1943
1587,Xinjiang,7126576961.17003
1588,Xinjiang,7055863477.80431
1589,Xinjiang,6986632139.24709
1590,Xinjiang,6919829980.45772
1591,Xinjiang,6855421488.56901
1592,Xinjiang,6793371255.1463
1593,Xinjiang,6733644119.79896
1594,Xinjiang,6676205299.04308
1595,Xinjiang,6621020501.60684
1596,Xinjiang,6568056031.34692
1597,Xinjiang,6517278878.85309
1598,Xinjiang,6468656802.75001
1599,Xinjiang,6422158401.63944
1600,Xinjiang,6377753177.55881
1601,Xinjiang,6335411591.77027
1602,Xinjiang,6295105113.63523
1603,Xinjiang,6256806263.26574
1604,Xinjiang,6220488648.59897
1605,Xinjiang,6186126997.48343
1606,Xinjiang,6153697185.31606
1657,Xinjiang,211560673.481637
1658,Xinjiang,6664852647.6746
1659,Xinjiang,7301499611.86044
1660,Xinjiang,7226261764.46087
1661,Xinjiang,7153645676.37902
1662,Xinjiang,7083610456.56603
1663,Xinjiang,7016115357.2075
1664,Xinjiang,6951119934.62805
1665,Xinjiang,6888584193.04637
1666,Xinjiang,6828468712.65125
1667,Xinjiang,6770734763.35289
1668,Xinjiang,6715344405.51358
1669,Xinjiang,6662260578.83612
1670,Xinjiang,6611447180.53677
1671,Xinjiang,6562869133.81954
1672,Xinjiang,6516492447.63362
1673,Xinjiang,6472284268.56999
1674,Xinjiang,6430212925.73254
1675,Xinjiang,6390247969.32373
1676,Xinjiang,6352360203.62946
1677,Xinjiang,6316521715.04937
1730,Xinjiang,1987923142.89543
1731,Xinjiang,6049839464.44471
1732,Xinjiang,7398863035.39905
1733,Xinjiang,7322735996.07345
1734,Xinjiang,7249349571.17361
1735,Xinjiang,7178657281.85532
1736,Xinjiang,7110613184.55515
1737,Xinjiang,7045172013.26558
1738,Xinjiang,6982289305.23137
1739,Xinjiang,6921921511.62161
1740,Xinjiang,6864026094.58418
1741,Xinjiang,6808561612.00133
1742,Xinjiang,6755487791.16724
1743,Xinjiang,6704765592.51632
1744,Xinjiang,6656357264.43531
1745,Xinjiang,6610226390.11672
1746,Xinjiang,6566337927.32385
1747,Xinjiang,6524658241.88241
1803,Xinjiang,4138881410.47638
1804,Xinjiang,7573564323.71949
1805,Xinjiang,7493799111.86451
1806,Xinjiang,7416942569.36262
1807,Xinjiang,7342941958.52354
1808,Xinjiang,7271745342.71344
1809,Xinjiang,7203301725.20442
1810,Xinjiang,7137561170.65348
1811,Xinjiang,7074474910.89811
1812,Xinjiang,7013995436.63345
1813,Xinjiang,6956076576.40012
1814,Xinjiang,6900673564.23262
1815,Xinjiang,6847743097.15984
1816,Xinjiang,6797243383.69982
1817,Xinjiang,6749134184.35642
1818,Xinjiang,6703376845.06511
1819,Xinjiang,6659934324.4301
1874,Xinjiang,77047488.3280103
1875,Xinjiang,3291707914.04739
1876,Xinjiang,7530782505.36129
1877,Xinjiang,7666720964.34663
1878,Xinjiang,7586274995.39071
1879,Xinjiang,7508854739.8098
1880,Xinjiang,7434401745.93128
1881,Xinjiang,7362858800.07562
1882,Xinjiang,7294170041.65939
1883,Xinjiang,7228281062.06036
1884,Xinjiang,7165138988.96459
1885,Xinjiang,7104692557.74067
1886,Xinjiang,7046892171.29627
1887,Xinjiang,6991689949.71059
1888,Xinjiang,6939039770.85804
1889,Xinjiang,6888897303.09882
1890,Xinjiang,6841220031.03479
1891,Xinjiang,6795967275.22993
1948,Xinjiang,3198458881.65974
1949,Xinjiang,7841377075.727
1950,Xinjiang,7757222384.2975
1951,Xinjiang,7676271360.43134
1952,Xinjiang,7598458486.67498
1953,Xinjiang,7523719820.54908
1954,Xinjiang,7451993100.80408
1955,Xinjiang,7383217837.01471
1956,Xinjiang,7317335384.36879
1957,Xinjiang,7254289005.34389
1958,Xinjiang,7194023919.79951
2020,Xinjiang,412243917.415128
2021,Xinjiang,3106562653.25283
2022,Xinjiang,5557177002.71936
2023,Xinjiang,7845057685.31787
2024,Xinjiang,7763782192.71576
2094,Xinjiang,121953467.370593
2095,Xinjiang,7174091378.01691
3007,Taiwan,179803826.019096
3009,Taiwan,3352681.23183385
3078,Taiwan,3446515237.15513
3079,Taiwan,5341138916.97144
3149,Taiwan,776163153.941964
3150,Taiwan,8167208755.412
3151,Taiwan,3385506495.41303
3220,Taiwan,2322704.95591679
3221,Taiwan,2313268939.45717
3222,Taiwan,8632552625.82262
3223,Taiwan,1093531854.77997
3293,Taiwan,230008253.954001
3294,Taiwan,3544016764.67061
3295,Taiwan,51536579.5979915
3366,Taiwan,1193612.38371395
